cgpa,internships,projects_count,certifications_count,skills_count,coding_score,aptitude_score,ats_score,interview_score,placed
7.8,1,2,3,11,74.7,62.7,72.1,52.9,1
6.46,1,2,3,6,74.5,66.0,82.5,45.5,0
8.25,1,1,1,13,80.5,36.3,65.8,76.5,0
8.44,0,2,2,4,57.9,60.5,74.7,45.3,0
5.55,1,1,3,9,76.0,72.4,100.0,65.2,1
6.2,0,0,1,5,54.6,75.0,73.1,55.6,0
7.63,0,1,2,9,59.3,53.8,100.0,50.0,1
7.18,1,4,2,13,61.6,66.6,89.0,85.3,1
7.48,1,3,0,9,55.2,76.1,70.8,59.8,0
6.65,3,2,2,10,63.8,72.8,74.4,50.6,1
8.38,5,3,1,10,60.4,73.4,65.2,49.0,1
8.28,0,3,3,4,52.3,61.7,73.7,67.8,1
7.57,0,5,1,9,62.5,58.6,78.4,76.1,0
8.63,1,1,2,8,67.8,64.1,63.9,83.6,1
7.97,1,0,2,9,45.2,48.5,49.3,59.1,0
6.64,2,2,1,11,72.5,76.7,89.8,58.1,1
7.87,0,1,5,10,56.1,37.0,84.6,64.2,1
6.54,5,3,0,7,68.6,52.4,48.7,64.8,1
8.38,1,5,4,6,53.0,59.5,72.6,48.9,1
7.45,2,5,0,10,83.9,67.0,85.4,86.9,1
7.32,1,4,1,16,82.2,69.9,83.9,62.4,1
6.82,0,4,1,11,46.1,82.3,59.6,71.1,0
8.72,0,1,1,11,74.4,61.2,84.7,69.2,1
7.35,0,1,3,13,91.0,49.2,70.2,68.9,0
7.07,2,2,3,4,47.9,57.8,75.8,44.9,1
7.15,1,4,1,6,49.4,55.2,56.2,61.9,0
8.03,0,3,2,14,78.2,67.8,6.1,100.0,1
7.87,1,3,2,6,41.5,44.0,58.3,89.0,1
7.91,1,1,1,15,51.0,57.4,78.0,64.7,1
7.93,2,4,3,15,46.7,84.3,66.9,55.8,1
9.64,0,5,5,8,78.5,62.7,79.8,24.3,1
7.09,1,0,2,11,52.5,44.2,86.6,53.5,0
6.99,1,2,1,14,59.9,54.9,65.0,60.7,0
6.69,0,3,2,8,51.5,26.5,63.6,56.6,1
8.12,2,0,1,8,85.7,59.1,37.2,57.8,0
8.63,1,3,3,6,49.5,84.7,46.8,72.6,1
7.39,0,2,0,13,39.7,42.2,49.9,45.0,1
6.66,2,5,3,10,39.0,38.2,78.3,66.6,1
6.68,0,5,1,8,77.5,50.2,65.2,60.1,0
8.15,2,3,0,9,78.8,73.8,62.0,47.0,1
8.24,1,3,0,8,87.5,85.6,60.3,90.5,1
8.04,1,1,0,10,42.3,66.7,58.3,74.7,1
6.83,0,1,0,15,60.8,40.7,83.9,48.6,1
7.73,1,1,2,10,100.0,59.7,71.4,70.8,1
7.62,4,7,3,6,59.6,86.8,84.9,38.4,1
7.72,2,3,0,9,54.9,55.3,37.1,50.7,0
8.37,2,0,1,16,64.6,62.1,78.0,84.6,1
7.72,1,3,4,6,74.5,63.6,62.7,68.0,1
8.18,0,4,5,5,74.2,36.8,65.8,66.6,1
7.57,1,1,0,5,53.9,75.0,90.3,78.8,0
7.79,3,5,1,11,54.5,72.8,64.2,72.4,1
8.13,0,5,0,11,59.7,30.1,77.4,57.5,1
6.04,0,0,3,5,51.9,40.0,54.7,77.9,0
7.18,0,3,2,10,42.8,45.5,70.5,33.3,0
7.03,2,4,1,7,97.5,71.2,46.1,50.7,1
6.86,2,2,3,3,57.7,48.7,69.1,60.4,1
7.22,0,6,3,11,58.7,66.0,75.8,71.3,1
8.99,2,2,0,11,59.3,57.3,86.6,56.5,1
6.63,3,1,1,5,63.6,61.1,57.7,31.7,0
8.47,0,3,2,8,72.8,67.4,62.1,29.3,1
5.82,1,2,1,7,56.6,64.1,60.3,60.8,0
7.17,2,3,1,10,85.5,59.7,66.2,53.9,1
7.66,3,3,0,8,75.8,64.9,55.5,46.5,1
8.09,3,3,6,9,61.6,63.3,37.6,43.7,0
8.21,1,3,0,9,53.0,56.9,54.4,64.3,0
8.29,0,3,2,6,84.5,53.5,69.3,84.1,1
7.15,0,3,1,16,62.1,88.2,67.8,64.3,1
7.04,1,4,2,12,42.6,53.4,78.3,84.4,1
8.36,1,3,2,9,83.4,80.5,82.6,55.6,1
7.31,2,3,3,10,51.9,49.7,63.3,69.5,1
6.22,2,4,2,12,80.6,72.2,46.2,85.0,0
6.37,0,3,1,8,19.7,86.8,76.0,59.3,0
6.58,5,3,1,10,58.4,54.9,69.9,62.4,1
8.0,1,5,3,16,85.9,50.0,66.1,55.6,1
7.64,1,4,2,6,65.1,53.6,88.3,72.1,1
8.19,2,2,1,11,75.8,59.7,76.8,77.3,1
7.07,1,4,2,9,48.8,64.8,71.8,68.0,0
7.66,2,5,1,11,71.3,59.4,72.5,58.1,1
8.13,1,3,2,9,65.1,53.7,82.7,36.5,1
7.19,2,3,1,8,69.4,89.3,59.7,61.2,1
7.96,0,5,1,8,100.0,57.0,56.8,58.7,1
6.84,0,3,2,9,88.5,50.7,66.5,66.0,1
7.14,2,1,2,10,79.3,72.5,52.3,64.0,1
7.12,0,8,1,8,79.5,72.7,69.3,88.7,1
6.3,1,3,2,8,48.6,81.2,71.5,50.2,0
7.99,0,2,1,6,56.5,88.9,69.0,35.2,1
7.03,2,2,0,10,37.4,65.2,64.6,42.6,1
7.51,1,2,0,7,42.1,55.7,94.8,51.2,1
7.98,3,1,4,10,49.0,31.5,84.1,80.4,1
7.95,2,2,1,9,64.5,45.9,68.5,39.9,1
8.17,0,2,3,9,42.9,63.1,71.4,42.2,0
7.4,0,4,1,11,64.3,42.3,90.6,69.0,0
7.08,3,4,0,10,62.2,36.2,61.2,76.4,1
7.42,1,2,2,6,44.6,61.0,55.5,35.7,0
5.81,1,2,1,6,92.5,71.7,73.4,31.9,1
6.05,0,2,2,3,41.2,56.3,76.2,48.6,0
6.18,2,4,1,11,85.1,73.5,77.3,73.2,0
6.5,1,2,0,9,24.4,69.2,82.4,64.4,1
7.9,3,4,0,6,62.4,77.2,59.0,49.3,1
6.59,0,0,2,10,43.4,92.6,48.9,74.6,0
7.12,0,5,2,9,53.2,99.2,61.2,64.1,1
8.8,0,3,0,7,97.6,71.0,78.7,60.2,0
7.14,0,3,1,6,58.8,53.1,56.2,34.6,0
8.24,0,7,3,7,45.1,60.9,41.0,48.9,1
6.57,1,2,2,10,73.8,83.6,72.2,95.3,1
7.29,0,0,1,3,58.6,46.6,61.5,56.3,1
6.55,3,1,1,13,67.7,81.7,44.1,45.7,1
7.16,2,4,2,9,48.5,57.5,71.1,55.5,0
8.34,1,3,3,8,49.4,63.4,64.2,64.0,1
5.77,1,2,1,11,50.8,47.9,95.1,77.0,0
7.93,0,3,2,11,79.4,40.1,71.3,72.6,1
7.74,1,4,2,5,60.9,55.8,78.8,50.5,0
6.91,0,4,2,7,46.1,79.5,69.7,83.6,1
6.05,0,1,2,16,67.9,49.5,61.0,75.8,0
7.57,1,1,3,11,66.4,84.2,62.7,54.4,1
6.97,2,3,2,8,75.3,51.4,86.2,59.8,0
7.73,1,2,1,4,56.3,44.0,81.2,72.2,1
7.52,0,2,0,9,63.6,63.8,47.7,80.3,1
9.1,2,4,0,8,72.6,70.2,51.3,36.2,1
7.26,1,2,3,8,46.8,62.8,52.1,63.2,0
6.48,2,2,1,10,81.0,62.3,85.9,61.5,1
7.68,1,5,2,9,65.3,84.0,44.0,52.3,1
7.72,2,3,1,11,45.2,61.4,81.8,52.2,1
8.86,0,7,1,9,45.0,52.9,76.0,79.9,1
8.34,1,0,4,14,63.2,43.0,72.2,71.1,1
7.86,0,3,2,10,55.1,79.1,62.9,97.8,1
8.96,0,3,0,5,78.6,53.6,87.8,52.3,1
6.31,1,4,1,6,59.8,55.1,71.7,64.3,0
6.86,0,2,4,7,70.5,75.8,48.3,67.3,1
6.57,3,3,1,5,49.7,90.8,51.8,77.2,0
7.11,1,2,0,7,64.6,63.8,45.3,85.1,0
6.12,2,4,0,8,88.7,57.9,88.0,63.6,1
8.14,2,1,1,8,62.3,59.9,91.4,43.4,1
7.28,1,3,1,9,55.0,53.2,86.3,49.9,1
6.03,2,0,0,8,49.5,54.7,67.9,64.4,1
6.48,2,4,1,4,64.7,54.7,48.6,81.1,0
7.81,0,6,4,9,90.4,73.7,54.2,37.4,1
8.34,0,2,4,15,40.5,58.7,55.2,42.1,0
9.5,0,1,1,5,64.1,80.4,69.3,74.9,1
10.0,1,0,3,7,34.2,58.3,90.8,40.0,0
7.91,1,3,1,11,57.6,54.5,90.8,42.9,0
6.51,1,3,3,11,69.7,79.2,62.7,81.3,1
5.37,1,4,1,11,36.6,60.3,36.5,58.2,1
7.77,1,4,2,16,57.0,58.1,52.5,56.9,1
6.69,1,1,0,10,70.2,60.5,87.8,85.3,1
7.08,1,1,2,7,67.4,82.0,73.5,43.9,0
6.89,3,4,4,8,71.1,64.6,64.7,40.5,1
7.36,1,1,5,6,47.5,78.7,63.6,89.7,1
8.57,0,1,2,6,70.2,56.5,58.7,66.0,1
7.66,0,5,5,7,54.2,76.3,51.9,73.6,1
7.34,0,6,1,9,77.9,63.6,100.0,56.7,1
6.46,3,1,0,9,23.4,73.2,95.8,60.2,0
5.83,3,2,3,9,59.8,74.5,57.7,50.0,0
7.01,2,0,3,12,66.8,45.9,43.7,67.4,0
7.45,4,1,3,10,89.3,61.1,72.5,76.1,1
9.27,0,1,1,9,66.6,74.4,67.8,65.3,0
7.63,0,4,1,13,68.4,76.7,79.4,80.0,1
8.48,1,2,2,11,71.8,78.8,82.8,73.3,1
7.0,1,1,1,8,87.6,61.6,52.4,44.2,1
6.32,1,2,0,9,58.1,83.1,89.2,59.5,1
6.53,1,1,1,7,39.7,50.1,64.7,54.4,0
6.77,0,2,0,9,36.3,37.6,79.1,74.8,0
9.63,0,1,3,4,77.0,55.8,66.1,69.8,0
6.68,2,6,2,11,69.0,77.9,83.8,64.2,1
8.34,2,1,3,6,60.4,43.7,34.6,79.2,0
6.6,0,2,3,6,54.5,38.0,81.1,30.3,0
8.43,0,2,3,10,68.3,34.2,57.5,51.7,0
7.88,1,3,2,10,68.8,71.0,71.1,53.2,1
7.34,0,2,4,11,73.6,38.3,88.7,66.3,0
7.46,0,5,3,7,45.0,68.2,58.0,71.4,1
6.85,1,3,0,11,33.2,55.1,55.6,62.0,1
7.95,1,3,4,7,48.6,48.4,64.4,39.6,0
7.05,1,8,1,7,40.7,45.0,63.5,68.9,0
6.27,1,4,0,17,39.7,63.1,54.2,64.2,0
6.22,2,4,3,8,93.3,48.7,71.6,37.0,1
7.67,0,2,2,17,24.2,59.9,72.4,57.0,0
9.08,2,3,3,7,73.5,66.0,76.9,68.4,1
7.66,0,6,3,6,81.3,69.2,57.7,90.1,1
7.38,2,2,1,8,82.8,74.0,55.8,43.5,1
7.79,2,2,3,4,70.0,62.5,68.2,75.4,1
8.81,1,3,1,6,88.8,44.2,66.3,43.7,0
7.72,0,2,0,13,97.1,67.0,66.6,40.4,1
7.09,0,3,2,10,59.6,69.8,59.4,41.4,1
8.61,1,0,2,7,73.1,57.3,75.0,72.3,1
7.93,0,3,2,10,88.0,55.7,55.9,64.2,1
9.04,1,2,2,7,49.5,97.1,68.2,56.7,1
7.68,3,1,1,10,60.6,40.6,65.4,69.8,1
6.28,0,5,2,5,53.7,67.4,69.5,62.7,1
6.13,1,1,1,10,73.3,75.7,87.8,63.9,0
9.15,0,5,1,6,30.8,54.9,50.3,56.8,0
9.22,0,1,3,9,90.9,57.5,34.1,44.5,1
7.32,0,3,0,9,74.6,54.0,61.1,90.8,1
7.12,1,6,1,4,75.6,60.0,52.7,85.8,1
8.96,0,5,3,3,22.5,73.5,24.8,89.0,1
6.39,2,2,1,14,46.3,57.0,96.2,52.8,1
6.61,1,4,4,9,91.8,100.0,78.4,50.4,1
8.14,2,3,1,8,61.8,53.2,80.0,55.0,0
7.11,5,1,2,7,34.0,80.7,65.7,80.3,0
7.49,2,4,1,7,69.0,68.2,76.3,62.0,1
7.34,1,2,1,11,77.2,61.6,63.7,52.8,0
7.84,0,3,2,11,74.6,82.1,82.2,68.2,1
8.91,1,2,3,7,62.3,36.0,72.8,49.5,1
7.59,2,5,2,10,85.4,66.4,69.5,39.0,1
8.14,1,3,1,15,52.4,49.3,70.6,64.2,1
5.45,2,1,1,7,74.7,53.5,92.0,53.2,0
7.45,0,3,2,11,67.4,52.8,72.5,61.8,0
6.66,0,3,0,3,62.6,45.5,54.6,16.4,1
6.28,2,2,1,10,58.2,35.2,75.0,46.8,0
6.62,0,2,4,8,58.8,65.8,77.3,61.2,0
7.17,1,2,2,11,65.6,59.0,67.8,36.2,0
8.42,1,3,0,8,59.7,55.5,69.2,36.8,1
6.17,2,2,0,13,78.2,71.4,54.0,62.7,0
7.53,2,7,1,12,55.4,66.8,71.5,73.9,1
7.02,0,3,1,11,93.2,56.0,51.8,46.8,0
7.17,1,3,6,4,54.5,100.0,66.2,57.5,0
8.5,0,5,1,12,81.6,75.3,60.0,57.9,1
8.04,2,4,1,7,82.3,96.7,84.7,35.4,1
8.84,1,4,0,10,68.0,53.8,93.2,82.1,0
7.35,2,2,1,14,66.4,63.7,52.8,58.9,1
6.8,2,1,0,12,51.9,41.4,69.9,59.1,0
7.28,2,1,0,10,55.7,55.0,65.3,68.3,1
7.74,0,1,1,8,69.0,51.2,77.0,35.5,0
7.68,1,3,0,11,64.2,100.0,71.4,77.6,1
6.42,0,2,1,5,86.3,49.6,64.2,79.9,0
7.59,0,3,0,9,56.8,56.5,71.4,64.4,0
7.73,1,4,0,12,57.9,38.2,66.8,69.9,0
10.0,1,0,2,6,35.0,68.0,93.8,56.5,1
9.38,0,5,1,9,76.6,46.5,58.1,76.7,1
6.65,1,4,1,7,75.0,73.8,73.9,48.0,1
7.21,1,4,3,7,82.6,33.2,77.6,61.4,1
6.04,0,0,3,12,83.6,58.2,76.6,62.5,1
6.91,0,1,4,6,79.2,32.3,65.5,61.3,1
7.82,1,2,3,6,80.0,52.6,90.5,80.2,1
8.71,1,3,1,11,76.0,55.7,38.7,99.2,1
6.77,1,2,2,5,78.8,51.0,53.6,60.1,1
6.85,0,3,2,4,31.8,52.5,80.0,70.0,0
5.35,1,2,0,11,45.2,74.6,56.8,48.4,0
7.34,1,2,1,11,42.3,92.6,55.9,79.5,1
6.44,2,3,0,9,87.9,65.1,63.0,53.2,0
6.97,2,4,3,12,50.9,47.1,58.2,100.0,1
6.62,4,4,0,12,53.8,61.0,79.6,33.6,1
7.41,1,4,0,6,65.1,54.7,83.6,98.5,0
5.74,0,5,0,10,42.6,73.3,71.3,78.9,1
6.03,1,5,0,7,71.8,64.3,85.8,42.9,1
9.63,0,2,1,10,26.7,36.3,49.2,100.0,0
6.21,2,4,1,13,43.8,76.5,71.1,46.2,0
6.4,2,2,0,13,68.6,74.5,90.2,56.7,1
9.34,0,2,0,8,42.7,82.4,84.7,40.0,1
10.0,0,2,3,12,88.4,52.3,91.5,59.5,1
6.33,1,2,2,6,65.8,64.5,61.1,61.1,1
7.13,1,3,0,12,85.4,42.2,83.8,76.1,1
7.84,2,6,0,14,71.4,59.2,63.6,100.0,1
9.23,1,5,0,9,64.8,66.0,78.9,53.3,1
6.51,2,4,2,12,47.1,50.5,89.7,15.2,0
7.25,0,5,2,7,81.7,65.1,58.1,73.0,1
8.28,2,1,0,9,72.9,62.5,42.2,52.6,1
7.93,1,4,1,9,100.0,53.3,97.7,92.9,1
7.12,0,3,1,9,79.9,81.0,77.3,61.4,0
7.37,0,4,3,7,57.8,56.5,68.4,49.1,1
6.13,1,3,1,7,70.2,62.0,67.6,44.8,0
7.26,1,4,3,9,72.6,38.0,38.6,72.6,0
7.23,1,3,2,12,85.9,67.8,73.1,57.3,1
7.73,1,2,1,2,88.8,52.8,62.0,87.0,1
6.94,2,1,3,11,62.1,74.4,70.8,58.4,1
7.97,2,2,1,15,43.1,40.3,70.5,86.0,1
8.51,1,1,1,10,31.6,66.5,19.3,38.5,0
7.66,0,5,2,9,44.5,27.3,77.3,32.4,0
7.85,1,2,0,11,54.3,69.2,72.8,76.1,1
7.55,0,3,1,6,92.1,57.4,74.8,54.1,1
7.5,1,3,1,9,92.4,66.0,67.2,57.5,1
6.78,3,4,1,10,82.3,51.0,70.7,44.8,1
7.82,2,0,3,5,87.1,45.8,72.6,43.5,1
7.4,0,2,0,6,52.3,53.5,74.1,72.8,0
9.59,1,6,0,7,37.7,62.9,77.1,61.7,1
9.07,0,4,2,7,46.9,68.6,74.2,44.0,1
7.89,1,5,0,7,28.4,64.6,97.7,75.4,1
6.74,1,2,1,7,44.9,45.9,59.1,82.0,0
6.39,0,1,1,12,55.9,87.6,64.4,60.1,1
8.69,0,3,0,4,68.0,65.0,95.4,79.1,0
7.76,0,4,1,9,67.4,50.7,67.7,45.0,1
7.98,0,2,0,10,52.6,66.4,84.0,71.8,1
5.76,0,2,1,13,75.2,63.8,72.0,64.7,0
8.43,0,5,0,9,52.9,57.4,66.6,48.5,1
7.95,0,5,2,11,65.2,55.6,84.8,96.9,1
6.39,1,3,3,9,45.0,74.8,77.8,66.0,0
7.03,1,2,1,8,84.6,85.9,47.0,52.0,1
7.76,0,2,2,13,65.4,29.5,72.6,62.3,1
7.55,0,5,3,6,77.2,78.5,55.1,47.2,0
7.21,0,5,3,9,43.1,60.3,89.1,42.3,1
7.4,4,8,5,9,68.1,63.6,96.3,54.4,1
7.25,0,4,1,11,75.3,80.3,98.1,55.5,1
7.65,4,3,1,12,28.2,20.2,75.4,48.3,1
8.97,2,2,2,8,86.0,72.2,63.1,83.3,1
4.93,1,1,0,12,42.5,79.2,74.8,49.0,1
7.26,2,4,0,5,68.8,49.7,55.9,46.2,1
7.68,1,3,1,10,97.2,39.1,100.0,41.8,1
7.8,3,5,1,10,82.2,84.6,87.9,40.2,1
7.13,0,0,1,5,38.2,33.7,74.6,79.5,0
5.74,0,3,2,8,61.8,66.3,85.0,66.4,1
7.83,1,8,2,5,87.2,75.3,62.6,73.7,1
9.23,1,3,4,8,50.3,65.9,53.4,79.3,1
5.97,1,3,1,6,58.5,68.5,36.8,56.3,0
8.36,1,5,0,15,58.0,56.0,71.2,87.0,1
7.17,2,5,1,7,75.3,66.9,66.9,51.3,1
7.44,1,2,1,6,37.3,49.4,77.8,43.4,0
6.45,0,5,1,9,76.3,51.3,70.2,68.4,1
7.17,1,5,1,4,53.8,60.5,77.1,64.5,0
8.8,1,2,3,2,64.8,36.9,82.2,64.4,1
8.08,2,4,2,11,61.0,68.7,48.1,79.3,1
9.23,4,3,1,4,75.8,22.8,83.0,63.8,1
8.68,1,3,0,16,64.6,65.4,63.9,67.3,1
7.94,2,2,1,8,90.9,66.9,77.8,85.1,1
9.24,1,4,2,7,82.8,48.1,85.3,66.5,1
7.94,2,4,0,10,50.7,41.5,85.4,70.4,1
8.33,2,1,3,7,89.6,53.9,71.9,37.9,0
7.2,1,4,2,6,70.7,69.6,72.7,100.0,1
7.57,1,1,3,6,68.1,65.2,83.4,35.0,1
6.8,2,6,1,9,80.3,43.3,47.5,52.8,1
8.49,0,2,1,6,46.3,61.6,55.7,52.3,1
6.32,2,1,0,9,40.2,63.9,65.8,97.8,1
8.28,0,2,2,10,65.4,63.3,50.0,51.8,1
7.31,0,2,1,10,54.1,45.2,65.9,69.5,1
8.67,3,4,0,9,100.0,62.3,65.1,52.4,1
8.25,1,0,2,8,51.2,73.8,71.3,44.3,1
9.32,0,1,1,10,65.7,68.1,69.1,71.7,1
8.23,2,3,1,6,68.5,66.2,86.0,49.8,1
5.93,1,2,1,13,87.2,84.6,78.6,65.5,1
7.43,1,3,2,10,47.1,62.5,68.9,72.7,1
6.33,1,2,4,7,36.0,47.4,65.0,94.4,1
6.98,1,3,3,4,90.1,47.4,69.3,40.5,1
9.01,0,3,0,9,66.4,62.6,69.6,59.4,1
8.14,1,3,2,8,79.6,38.4,100.0,60.1,1
6.8,1,5,1,9,80.4,55.3,48.1,62.0,1
6.49,3,1,0,8,83.5,67.0,56.1,100.0,1
7.53,0,3,0,7,58.2,77.6,53.9,59.1,1
6.28,1,3,0,7,53.3,36.8,74.0,19.1,1
6.83,0,3,5,8,29.1,61.5,73.4,58.6,1
7.81,0,2,3,18,47.1,59.0,61.4,60.0,0
8.66,1,5,1,9,66.1,60.6,83.4,57.9,0
8.11,1,1,0,8,52.4,62.1,75.5,49.8,0
5.21,0,1,2,6,44.5,59.5,84.1,39.5,0
7.8,1,4,0,14,65.9,80.9,88.1,98.7,1
7.57,1,1,1,8,89.2,78.7,38.0,67.4,1
7.91,1,3,0,11,64.0,92.1,80.3,58.7,1
9.12,2,2,3,10,44.6,59.8,50.6,98.2,1
5.44,2,2,1,9,87.9,53.8,73.7,47.2,1
6.91,1,3,2,9,51.1,45.5,68.9,72.2,1
8.09,2,3,1,11,91.6,52.2,69.5,40.8,1
5.92,1,5,0,13,60.3,70.7,51.9,74.8,1
8.98,2,3,1,11,66.9,73.0,85.5,42.7,1
7.87,3,4,1,7,93.1,70.1,50.6,70.0,1
8.35,2,3,4,9,40.7,50.0,81.3,95.2,1
6.93,1,8,0,8,46.1,50.1,48.5,63.6,1
8.31,2,2,1,14,59.1,89.3,69.7,24.7,1
8.57,0,1,0,12,62.5,47.5,97.1,62.6,1
7.73,1,7,0,9,100.0,81.2,100.0,70.2,1
7.73,0,2,1,10,49.0,66.1,45.7,77.3,0
7.77,0,6,1,8,41.5,49.0,59.4,87.1,1
6.64,2,4,1,7,48.2,42.2,62.2,87.9,1
7.35,0,3,3,10,69.2,49.7,100.0,59.8,0
7.35,3,1,3,7,73.9,66.3,69.0,50.8,0
7.88,0,5,0,10,52.3,46.4,86.1,43.0,1
8.5,0,1,0,10,65.4,83.3,74.5,52.8,1
6.44,1,5,0,14,100.0,56.9,52.0,70.1,1
7.37,0,3,0,13,65.6,70.5,42.1,39.1,1
8.98,3,2,0,7,70.8,69.3,60.8,46.2,1
6.76,1,0,5,12,99.0,84.3,100.0,71.6,1
6.68,0,4,1,14,52.4,53.4,73.9,51.0,0
7.7,1,2,3,15,51.3,61.6,85.8,68.3,0
8.34,3,3,1,4,56.5,39.0,48.7,48.2,0
7.51,1,1,0,8,55.5,61.5,65.1,66.9,0
8.83,1,1,0,12,32.2,77.1,81.7,48.9,1
8.36,0,0,0,13,67.5,63.3,53.6,29.7,0
8.34,3,3,2,7,68.9,94.7,69.0,78.3,1
8.05,0,1,2,10,61.7,67.8,56.8,50.2,0
9.83,1,2,2,7,69.5,51.9,82.4,57.8,1
7.29,0,1,2,6,69.6,66.8,76.0,50.3,1
5.5,1,2,1,14,41.3,38.0,80.3,71.3,1
9.1,0,3,2,14,70.2,48.0,83.1,67.7,1
7.04,1,2,2,8,75.1,41.7,66.6,71.2,0
7.61,1,2,1,9,36.3,60.2,85.0,52.7,0
8.81,1,2,2,6,91.3,59.1,61.2,61.2,1
5.9,1,4,2,11,42.8,78.1,79.4,69.1,0
6.25,1,3,1,5,44.5,58.5,40.4,88.3,0
5.9,1,2,2,14,68.6,45.0,58.8,67.2,1
6.71,0,4,3,8,74.6,83.4,100.0,44.9,0
7.94,0,2,0,15,79.0,15.8,79.2,66.6,1
8.02,1,1,0,9,75.1,60.6,79.2,59.2,1
7.78,1,2,1,9,55.6,63.3,57.6,28.0,1
6.09,2,2,1,5,67.0,59.8,53.6,30.6,0
5.19,0,2,0,4,59.3,67.5,66.0,60.9,0
7.55,0,3,3,5,68.1,61.7,69.0,62.3,1
7.03,1,2,2,10,66.2,67.5,98.7,57.0,1
7.96,1,2,2,4,55.9,51.0,85.3,77.0,1
8.2,2,1,1,10,58.8,38.1,71.6,46.1,0
7.64,1,6,0,9,31.7,59.3,71.0,38.4,0
8.26,1,4,2,8,79.9,44.6,81.4,48.0,1
7.73,2,1,2,11,70.4,49.1,50.2,51.6,0
8.03,1,0,4,8,23.5,77.4,41.2,61.0,0
6.8,1,0,1,8,79.3,83.4,81.2,48.4,1
7.32,1,6,0,12,64.0,77.1,71.1,25.6,0
7.7,0,5,1,9,48.1,74.4,50.3,18.3,1
8.32,0,5,2,4,46.5,60.9,38.6,64.1,0
7.11,0,2,4,8,52.6,75.2,83.4,42.8,1
8.02,1,4,0,8,48.2,65.3,62.2,27.9,1
7.23,2,5,1,12,50.7,89.2,76.0,72.6,1
7.38,2,2,2,7,95.6,46.2,66.0,88.3,1
8.33,0,2,2,3,71.7,70.1,69.5,60.4,1
5.51,0,5,3,8,100.0,41.0,61.1,66.6,1
6.2,0,2,0,8,69.1,70.2,68.9,66.7,0
6.02,2,1,0,9,75.4,34.2,78.7,22.7,0
5.17,1,1,1,11,49.1,41.8,65.9,77.1,0
6.82,2,3,3,6,62.0,40.8,65.0,83.1,1
8.25,0,3,1,7,63.5,63.8,79.1,93.2,0
7.22,2,2,1,8,76.2,65.3,80.1,54.6,1
7.7,0,2,1,14,64.1,96.8,52.9,42.7,0
8.59,0,2,2,6,71.3,58.6,69.6,85.1,0
8.83,1,5,0,11,70.7,71.6,62.1,70.5,0
7.43,4,1,2,9,59.5,62.4,70.2,76.9,1
8.85,1,5,0,13,57.7,70.3,91.5,51.0,1
7.59,0,0,0,10,53.0,62.2,75.4,66.6,1
6.66,3,2,1,11,84.5,76.5,100.0,44.1,0
6.91,1,5,2,15,59.6,44.2,73.3,61.9,1
6.02,0,5,1,6,70.9,23.3,67.5,56.1,0
6.61,0,3,1,7,62.2,66.3,69.7,100.0,1
7.14,1,1,2,13,84.1,32.9,72.1,71.3,0
8.3,1,2,2,12,29.2,79.7,74.8,25.4,0
9.22,0,1,0,7,70.5,51.8,55.1,62.0,1
6.12,1,0,2,11,42.4,44.4,66.5,68.3,1
7.89,2,3,2,5,72.0,100.0,59.1,53.9,1
6.46,2,0,0,4,62.4,59.7,85.4,43.3,0
7.97,3,4,2,4,38.4,56.8,41.1,73.2,1
7.37,3,3,4,10,71.1,71.2,72.4,45.7,0
5.67,1,6,2,8,69.0,72.2,47.2,71.8,1
8.43,1,6,0,7,60.8,77.1,76.5,44.2,1
6.89,0,3,1,7,63.1,40.0,64.0,52.9,1
6.97,1,3,2,11,67.9,68.0,42.7,78.3,0
6.43,1,4,2,10,86.2,55.6,84.1,70.3,1
6.85,1,4,0,10,59.3,46.2,32.3,62.5,0
7.93,2,4,1,9,83.2,60.7,69.5,61.5,1
7.31,2,2,1,7,64.3,32.8,80.4,63.5,0
7.83,1,4,3,9,88.3,73.8,90.7,48.5,1
7.86,0,4,2,10,60.8,55.6,45.8,36.2,1
8.82,0,3,3,10,53.0,52.8,62.3,71.7,1
7.16,2,5,2,12,45.2,57.9,86.3,88.0,1
6.02,0,5,1,7,64.4,57.5,87.3,72.3,1
8.57,1,5,0,8,50.7,77.1,89.2,66.3,0
7.17,3,4,2,7,90.3,43.6,100.0,41.5,1
8.61,1,2,1,5,49.3,54.3,62.4,76.9,1
7.88,2,3,5,11,52.6,56.8,75.6,70.2,1
7.37,1,3,1,4,75.5,44.0,64.8,74.9,0
7.85,0,3,1,7,86.3,62.4,40.4,79.6,1
9.45,0,3,1,13,78.2,49.1,68.6,89.0,1
9.58,2,5,1,6,84.1,38.9,40.1,43.0,0
7.57,0,1,4,12,63.6,67.9,62.2,40.1,0
7.66,0,2,2,14,63.8,83.2,48.0,64.5,1
8.58,1,2,1,7,100.0,60.7,76.6,46.3,1
6.65,1,4,1,13,95.4,58.5,58.3,43.4,1
7.83,1,2,0,9,77.9,58.1,43.2,82.7,1
7.47,2,0,2,4,84.9,52.3,83.0,44.8,1
7.81,0,4,0,4,80.5,77.6,60.9,61.8,1
6.67,3,2,0,11,43.3,61.4,63.5,34.3,1
5.91,0,4,3,14,64.3,27.3,55.3,63.1,1
5.43,2,4,3,4,91.9,78.0,87.2,82.1,1
6.38,3,3,2,8,78.0,74.3,74.1,82.6,1
7.04,0,0,0,9,63.9,69.0,60.8,79.8,1
7.21,3,1,0,12,92.2,18.7,41.3,60.7,0
9.44,1,2,2,11,71.6,60.0,100.0,80.9,1
8.61,0,1,0,6,78.6,73.4,99.7,69.3,1
6.54,0,4,3,10,71.7,65.7,91.6,54.5,1
7.85,0,6,4,7,74.7,63.1,59.5,68.5,1
7.09,1,2,2,2,76.0,73.4,62.5,77.1,1
7.22,0,3,2,8,88.4,62.1,76.0,39.4,1
7.69,1,4,2,10,90.7,78.1,56.6,44.0,0
8.12,0,4,2,8,56.9,62.4,55.2,59.6,0
7.16,1,4,0,9,71.4,61.2,91.9,41.2,1
8.56,2,7,3,5,87.9,73.4,69.2,41.0,1
6.36,4,0,2,14,62.6,54.0,53.2,54.9,0
7.51,2,3,2,10,41.4,43.5,84.3,78.9,1
10.0,3,6,0,14,48.6,60.1,61.4,78.5,1
7.72,0,1,0,6,49.9,68.9,40.3,67.5,1
8.93,1,4,1,8,56.8,73.9,53.0,65.1,0
7.59,1,1,2,9,51.6,74.0,62.3,97.5,1
8.08,0,3,0,4,83.5,59.0,73.3,52.8,1
7.44,1,5,1,8,60.0,57.4,72.6,66.1,1
7.33,1,1,1,5,87.7,51.1,88.4,52.0,1
6.72,0,3,1,7,44.7,63.7,66.4,40.1,0
7.93,0,2,0,9,58.6,35.4,63.0,82.1,0
6.65,1,3,1,14,66.9,60.3,88.7,56.8,1
8.17,2,3,1,10,79.6,100.0,84.7,73.8,1
8.59,1,3,2,12,85.6,37.4,66.8,57.8,1
7.87,0,0,1,9,55.3,62.4,74.4,83.2,0
7.21,1,1,1,17,82.9,65.7,62.9,45.0,1
7.95,2,3,1,5,34.7,67.6,52.6,81.8,1
7.19,1,2,3,14,80.7,45.5,100.0,77.2,0
8.44,1,4,3,7,40.9,67.7,61.9,31.5,1
5.67,0,4,0,13,73.0,52.0,74.4,53.2,1
7.16,2,4,1,5,85.3,38.6,47.3,79.4,1
5.51,3,2,2,5,81.0,74.3,81.0,89.8,1
6.0,3,2,3,11,35.5,70.0,51.9,74.2,1
8.86,1,3,0,3,56.9,45.5,95.2,55.3,0
8.4,1,2,5,4,77.9,51.8,97.0,45.5,1
6.78,0,6,2,11,77.4,51.3,78.5,71.6,1
6.0,0,4,0,4,70.0,35.3,71.7,54.8,1
4.54,1,6,2,12,25.4,71.4,67.2,55.5,0
6.96,0,2,3,9,86.6,72.0,69.3,58.2,1
9.92,1,5,1,8,89.8,55.0,76.1,77.0,1
7.93,3,4,1,4,67.9,59.6,71.3,92.7,1
6.94,0,1,0,16,69.1,61.7,84.7,79.5,1
7.97,1,0,0,7,74.1,63.7,56.2,62.2,1
5.94,3,1,2,8,91.3,39.8,92.9,46.7,1
7.2,1,2,4,15,69.5,67.3,63.7,73.3,1
7.6,1,2,4,9,61.6,42.4,58.8,90.3,0
7.41,0,0,2,8,71.9,70.2,75.4,79.1,1
8.29,1,3,0,14,64.8,44.0,76.4,65.5,1
7.84,1,3,0,15,65.0,40.5,43.9,53.7,0
8.17,3,3,0,9,33.2,59.6,62.8,67.9,1
6.81,0,0,1,9,74.4,59.2,37.4,81.6,1
8.4,1,1,1,9,86.1,61.6,59.9,65.9,1
9.13,5,4,1,9,83.4,46.6,60.5,60.2,1
6.53,2,1,2,10,82.1,63.0,74.5,50.3,1
6.61,1,4,5,14,64.0,64.5,58.2,100.0,1
8.84,0,3,2,13,67.6,77.5,61.7,46.9,0
7.31,0,3,0,5,86.4,62.8,89.6,45.3,1
8.9,0,1,0,8,80.6,51.0,100.0,64.8,1
7.06,2,0,2,12,91.8,39.8,56.2,58.6,0
8.96,1,6,1,10,52.9,37.0,85.3,79.4,1
7.63,1,5,1,6,52.8,64.8,75.8,80.0,0
7.76,1,3,0,5,59.0,71.9,43.9,41.4,0
9.06,2,4,3,13,48.0,46.6,58.1,49.2,1
7.14,1,3,2,6,41.2,63.8,24.6,47.1,0
6.56,4,2,1,6,73.4,57.4,74.9,75.3,1
7.05,3,1,1,13,72.2,70.8,53.8,69.3,1
7.95,2,5,1,10,69.4,73.0,72.0,55.7,1
5.93,1,5,2,8,71.4,26.0,100.0,65.7,1
8.14,0,2,0,13,38.7,75.5,93.9,42.9,0
6.96,2,2,1,5,56.4,63.8,58.5,49.4,1
8.65,0,2,2,5,59.7,52.0,54.9,39.9,0
5.11,3,3,1,9,65.9,52.4,89.4,64.5,0
6.71,1,2,1,8,38.7,60.5,54.9,64.4,1
5.81,1,3,3,9,48.3,52.4,84.9,45.3,1
6.67,1,7,4,7,57.1,45.9,100.0,69.2,1
7.75,1,3,5,9,84.0,49.4,80.1,80.0,1
7.32,2,2,4,6,69.7,44.4,87.8,44.5,1
7.25,1,0,1,8,83.4,80.2,86.0,56.5,1
7.34,1,5,4,10,62.8,60.8,61.6,70.7,1
7.7,1,3,0,7,65.0,93.8,74.4,61.9,1
6.49,1,4,5,11,74.0,65.6,55.7,38.7,1
8.21,1,1,2,9,61.8,68.8,89.3,54.5,1
8.16,2,1,1,12,53.8,44.1,53.7,53.9,0
7.89,3,4,0,3,38.2,56.7,80.5,59.1,1
8.06,1,4,1,5,54.2,61.1,87.0,59.8,1
7.8,2,4,2,6,80.1,50.4,62.6,88.6,1
9.54,1,6,2,10,87.7,53.0,59.2,58.5,1
7.41,2,4,4,9,51.1,66.3,67.5,32.8,0
7.19,1,4,1,8,33.8,66.6,56.6,63.5,0
6.75,0,3,1,8,81.7,39.9,72.3,91.7,1
6.47,2,1,1,15,66.2,64.3,56.2,59.2,1
6.26,0,6,1,15,40.8,68.3,57.3,54.6,1
6.61,0,4,1,14,9.0,51.1,78.2,56.8,1
7.43,1,3,1,9,47.7,49.6,79.3,71.9,1
7.83,2,4,1,5,56.7,66.6,65.6,56.7,1
7.55,1,5,2,11,44.3,21.4,45.3,36.2,1
6.73,1,2,1,11,77.5,60.0,87.6,50.6,1
8.4,1,3,1,7,50.4,84.5,63.3,60.9,1
8.24,2,4,2,12,65.2,21.1,100.0,71.1,1
7.34,2,0,1,7,100.0,72.3,68.0,52.1,1
6.85,0,2,0,7,67.1,68.2,72.0,57.0,0
8.05,1,5,1,10,62.9,38.4,63.5,62.8,1
7.69,0,3,0,8,63.3,67.8,73.7,48.8,1
6.05,1,8,3,12,77.0,75.0,100.0,60.4,1
7.43,2,2,2,11,74.8,42.4,64.8,69.9,1
7.76,0,5,1,10,46.9,49.4,89.1,41.8,1
6.6,1,2,2,10,57.6,60.4,71.4,67.2,1
7.69,1,1,1,8,53.0,74.7,87.6,43.5,1
6.05,1,2,0,9,59.9,51.9,41.0,43.8,0
8.84,0,3,1,9,97.9,59.4,99.2,50.7,1
8.75,1,0,1,9,76.1,50.0,75.1,85.2,1
7.25,0,5,4,8,63.6,60.4,66.0,32.8,1
7.86,2,2,1,6,87.4,75.7,83.5,54.1,1
5.09,4,2,1,8,68.4,61.6,72.2,61.6,1
6.34,2,1,3,10,35.5,54.6,52.8,81.8,0
7.21,0,5,1,5,95.0,59.5,33.7,95.1,1
6.43,0,4,1,9,62.2,48.0,97.4,54.8,0
8.21,0,1,3,7,24.4,45.1,66.7,71.2,0
9.5,2,2,1,7,36.2,78.1,60.8,60.4,1
6.32,2,5,0,8,85.3,84.6,62.0,60.3,1
6.66,2,7,2,6,36.5,33.1,92.0,66.6,1
7.74,1,6,2,6,89.3,68.7,62.6,35.0,0
9.11,2,5,2,11,66.5,72.9,79.7,61.2,1
6.28,0,1,0,9,77.9,41.8,65.0,69.7,0
7.75,0,4,2,13,60.4,52.9,51.2,47.4,1
9.32,0,6,0,12,74.4,51.3,83.5,69.8,1
5.85,1,4,2,10,70.7,88.5,86.5,32.6,1
6.22,0,8,2,15,64.3,84.8,59.8,63.6,1
7.08,2,4,0,14,45.8,46.2,69.4,84.8,1
6.98,2,3,0,9,71.5,38.1,71.5,58.3,1
8.31,0,2,3,7,32.3,71.6,76.7,45.4,0
7.74,4,3,2,4,81.8,68.2,99.6,37.8,1
5.73,1,3,0,9,68.5,78.7,65.1,68.6,1
8.02,3,2,3,4,73.4,44.1,65.0,77.8,1
6.92,1,6,1,6,17.9,70.9,67.4,61.0,0
8.77,0,4,1,12,44.7,49.0,55.9,54.1,1
6.87,0,0,2,11,55.9,69.3,44.2,29.2,0
6.86,1,1,1,5,77.1,59.4,72.0,64.1,0
8.04,0,6,4,14,48.0,88.5,77.9,50.3,1
8.26,0,8,3,7,100.0,66.7,70.0,51.3,1
7.95,2,1,4,8,60.3,55.3,69.1,89.5,1
5.81,0,1,0,9,46.7,62.1,56.5,31.4,0
8.04,1,1,2,6,61.6,58.5,73.8,33.6,0
6.47,1,4,1,6,47.9,42.7,72.5,65.9,1
7.74,1,0,1,11,43.7,88.9,77.1,55.4,1
6.08,1,5,1,10,83.2,84.0,74.9,53.2,1
7.95,3,3,2,7,74.2,57.4,75.9,66.6,1
6.69,0,1,1,7,74.3,70.5,89.8,66.4,1
6.22,2,1,3,6,88.0,90.8,78.6,45.4,1
8.21,1,1,0,15,73.8,78.6,77.2,51.9,0
7.74,3,2,1,11,45.8,55.4,43.9,62.8,1
6.89,0,4,1,9,77.8,58.7,85.8,64.8,1
8.95,1,4,1,12,44.7,34.2,65.5,70.2,1
7.06,2,3,1,15,56.4,71.6,71.2,52.1,0
7.53,0,2,2,9,64.2,78.6,50.9,67.9,1
7.77,0,2,1,10,62.4,78.7,100.0,78.2,1
6.88,1,2,1,9,32.8,70.5,32.9,62.8,1
7.97,0,0,4,11,47.6,65.3,92.3,60.3,1
6.97,1,1,0,7,64.6,45.0,76.4,58.0,1
7.09,1,6,2,7,54.0,64.8,41.4,51.5,1
8.86,1,2,3,10,85.3,50.5,100.0,46.1,1
6.46,3,4,4,8,88.4,67.9,77.7,56.9,0
5.09,2,7,2,14,44.8,48.5,34.6,69.7,1
9.11,1,1,1,5,66.1,67.8,63.7,46.9,0
10.0,0,5,2,6,93.5,79.8,78.0,60.7,1
7.09,1,2,1,4,62.6,65.7,95.7,58.7,1
5.56,1,1,4,9,57.7,64.9,63.9,92.2,1
7.19,1,2,2,10,80.5,73.7,30.3,74.3,1
7.21,1,1,1,11,60.1,86.6,91.9,74.0,1
7.31,0,0,1,10,87.9,58.4,77.5,77.6,1
6.39,0,3,1,8,54.3,67.8,36.5,52.7,0
8.08,0,7,0,9,56.5,82.7,75.1,85.4,1
8.02,0,3,2,12,79.2,70.0,76.7,64.7,1
6.01,0,5,3,4,66.8,30.0,65.1,61.2,0
8.2,1,4,2,13,67.0,49.3,57.6,41.3,1
9.55,0,3,2,16,30.6,71.3,60.9,55.2,1
7.67,0,2,1,11,58.6,54.0,65.1,32.0,0
7.16,0,3,4,6,80.6,81.6,75.3,57.8,0
7.36,1,6,0,15,50.9,87.9,81.8,52.2,0
8.12,1,7,0,7,77.6,51.1,37.8,55.2,1
5.77,0,2,0,11,69.8,44.5,73.8,38.4,0
7.66,1,5,0,8,61.4,54.6,77.3,74.0,1
7.11,0,1,1,15,89.4,53.7,72.5,72.1,1
9.35,0,4,0,11,58.9,83.0,63.9,90.7,1
7.33,4,0,1,11,60.1,44.5,91.3,90.2,0
9.17,1,3,0,12,61.2,71.1,90.2,64.7,1
6.4,1,3,0,10,66.4,80.8,64.5,79.4,1
8.09,2,1,1,9,78.8,72.3,68.8,66.4,1
7.82,2,2,5,13,38.5,66.5,81.6,54.7,0
6.63,1,4,2,5,80.6,57.6,89.2,57.3,0
7.68,3,5,1,4,66.2,87.7,57.8,72.9,1
8.71,2,2,1,11,75.0,56.3,54.3,100.0,1
7.18,0,4,3,7,100.0,74.2,74.1,81.8,1
5.81,0,3,1,9,55.8,57.6,53.1,66.2,1
7.48,1,3,4,6,43.0,32.4,40.8,70.2,0
6.6,2,3,1,5,68.5,56.0,57.7,70.1,1
7.16,0,1,0,8,71.3,57.7,76.3,60.5,0
7.42,1,2,0,7,80.7,57.8,93.3,74.9,1
5.79,2,1,3,13,55.3,50.1,59.4,59.4,0
5.88,1,3,1,11,50.1,69.4,68.1,44.8,1
7.98,1,1,0,9,37.4,71.1,72.3,70.2,0
6.98,2,4,3,12,40.4,55.4,60.3,72.5,1
4.94,1,4,3,13,57.5,55.3,59.1,59.5,0
8.28,0,6,3,14,62.9,44.2,75.0,67.3,1
7.77,0,5,2,14,100.0,63.8,52.0,78.3,1
6.79,0,3,1,14,34.5,80.7,58.5,61.1,0
6.18,1,3,0,12,71.0,80.7,67.0,54.4,1
8.34,1,1,1,8,51.9,51.0,74.8,49.9,1
7.85,0,6,0,8,69.0,89.9,47.3,57.7,1
9.88,1,4,2,7,55.0,54.6,68.0,88.1,0
7.92,3,3,2,9,83.6,44.8,50.6,58.6,1
7.89,1,1,1,14,83.5,39.6,59.7,68.1,1
7.33,2,4,0,5,63.0,43.9,81.8,56.5,1
8.32,0,2,1,9,90.9,65.0,68.9,55.0,1
8.13,0,5,1,5,78.7,56.1,95.0,47.1,1
8.75,0,6,0,11,90.1,50.5,68.9,63.7,1
6.98,3,1,0,11,64.2,47.3,84.5,53.2,1
7.06,1,2,1,4,82.1,43.7,81.9,83.7,1
7.02,1,2,1,10,51.2,46.7,69.8,60.2,0
8.29,0,2,3,8,49.3,75.2,50.3,61.2,1
9.0,1,4,2,7,100.0,87.1,68.4,58.9,1
7.04,1,0,3,7,45.5,88.0,62.0,68.3,1
7.08,0,5,0,13,57.2,70.3,61.4,87.3,1
7.81,3,2,3,5,30.8,52.6,72.3,44.3,1
7.25,3,5,2,6,49.8,50.0,48.3,66.7,1
8.45,0,3,4,8,47.1,71.3,56.9,35.3,0
5.25,0,2,0,6,52.9,56.3,54.8,82.8,0
6.67,1,3,0,8,70.4,66.2,66.2,60.2,0
6.72,0,1,0,10,74.7,89.0,58.5,36.6,0
5.18,0,0,2,8,46.9,63.3,59.5,40.3,0
6.54,1,3,2,8,50.8,94.2,72.0,75.8,1
6.58,3,2,2,10,84.5,43.1,63.3,33.7,0
7.3,1,5,2,12,95.7,66.7,70.1,66.7,1
8.61,1,1,2,4,87.6,64.7,53.3,54.7,1
7.25,0,4,2,8,35.4,45.2,57.6,58.7,0
6.47,1,4,2,14,86.4,72.0,100.0,50.5,0
7.44,2,2,0,10,98.4,83.0,59.5,45.8,1
8.55,1,2,1,17,34.5,93.0,38.4,53.7,0
6.52,2,2,0,5,84.5,66.2,75.1,71.7,0
6.59,0,3,1,10,69.1,31.5,59.4,57.0,0
8.06,1,2,1,11,59.1,67.2,73.7,69.2,0
7.28,3,4,1,11,66.9,71.1,68.7,57.9,1
8.15,2,4,1,5,73.0,56.5,78.2,72.4,1
7.49,0,3,0,7,85.8,63.2,68.5,69.1,1
8.2,0,5,1,16,84.9,52.7,66.6,52.8,1
6.46,1,2,3,10,37.9,58.0,87.2,45.8,0
7.49,1,4,1,7,53.3,75.3,36.7,78.2,1
7.29,0,1,3,9,66.7,80.8,50.1,48.2,0
6.28,0,3,0,9,93.3,40.9,57.6,70.5,0
5.94,0,5,1,10,15.9,52.3,44.6,62.5,0
8.19,2,2,2,8,54.0,36.2,62.8,54.1,1
7.15,1,1,1,10,37.5,87.6,61.3,69.3,1
6.48,0,5,2,12,40.4,73.1,84.6,85.3,1
7.4,0,1,2,13,82.7,30.0,68.7,72.6,1
8.63,3,4,1,17,55.4,59.0,66.8,64.2,1
5.22,0,2,4,5,23.0,55.7,64.3,89.6,0
6.0,1,5,1,6,62.1,48.7,54.2,33.5,0
6.58,2,3,1,7,100.0,75.5,83.4,43.1,0
8.96,3,2,0,13,32.5,75.2,88.2,54.1,1
7.78,1,1,0,12,74.6,64.0,51.8,86.1,1
8.27,1,4,0,7,93.2,50.4,94.3,78.0,1
6.36,2,3,0,13,64.1,50.5,59.9,32.8,0
6.38,1,4,0,7,99.7,60.7,58.7,54.6,0
7.95,0,4,2,6,53.1,53.1,77.1,39.5,1
7.56,0,0,3,8,91.0,59.9,78.4,61.3,1
8.05,0,1,1,9,86.8,68.4,68.9,77.3,1
7.31,1,6,0,7,64.4,37.0,64.8,78.6,1
7.78,0,2,3,8,38.2,48.6,87.6,66.6,0
7.66,1,3,2,11,47.0,59.5,60.7,54.8,1
8.28,1,7,0,7,22.8,83.5,69.0,60.4,1
8.31,0,1,1,11,75.7,72.7,95.4,73.6,1
5.88,1,5,1,10,73.5,59.9,49.9,100.0,1
5.25,0,1,3,12,66.4,66.0,63.1,41.9,0
8.5,5,2,3,11,62.8,58.5,85.4,89.0,1
8.69,2,4,0,11,89.4,76.2,77.9,66.1,1
6.48,0,1,3,4,70.4,66.5,83.4,75.9,1
5.64,0,1,5,15,55.0,79.2,50.2,65.1,0
7.6,3,4,1,10,67.7,39.7,74.8,85.9,0
8.43,0,5,1,6,100.0,47.9,65.7,67.6,0
9.3,1,2,1,17,76.2,64.1,100.0,51.0,1
8.02,5,1,1,9,58.0,67.4,82.1,69.7,0
7.13,0,3,4,9,64.2,96.0,69.7,81.2,1
6.61,0,5,1,7,73.3,32.9,74.3,62.0,0
7.51,1,2,3,4,57.4,59.5,70.8,26.7,0
7.2,0,3,0,12,55.8,58.8,80.5,60.0,1
6.48,1,5,2,8,64.8,63.6,57.2,63.7,1
9.55,3,1,2,12,92.3,86.0,90.5,61.2,1
9.29,0,2,1,11,79.2,73.1,50.1,53.6,0
8.64,1,0,3,15,57.6,35.9,73.1,84.5,0
6.58,1,3,2,10,80.6,83.0,57.6,21.7,1
8.36,0,3,3,7,65.2,82.6,70.6,63.6,0
8.14,2,7,2,8,71.2,63.9,84.8,63.8,1
7.94,1,4,2,8,69.6,35.7,44.3,97.6,1
8.75,1,7,0,8,27.0,57.7,67.5,61.8,0
8.14,0,5,2,6,10.1,67.0,48.4,69.6,0
8.24,0,4,0,10,69.1,74.9,65.8,64.1,1
8.14,0,3,1,8,49.6,33.4,48.4,63.6,0
7.84,0,2,1,7,35.5,48.5,72.4,92.0,0
5.72,1,2,0,6,50.2,76.5,63.6,43.1,0
7.58,0,5,0,7,81.6,82.5,81.2,50.7,1
6.94,1,0,3,4,71.4,66.5,88.4,74.8,1
6.22,2,4,4,8,78.9,77.2,70.2,66.4,1
9.18,1,4,3,10,73.2,66.8,83.4,57.2,1
9.23,0,1,2,7,48.5,74.4,90.7,60.8,1
8.86,3,3,0,6,79.0,62.2,56.2,77.5,1
7.76,1,1,1,14,75.5,67.2,91.5,70.2,1
8.85,0,4,3,5,62.9,41.7,69.4,49.9,1
7.51,0,5,1,13,66.1,70.8,55.3,66.0,1
7.7,1,4,0,9,79.3,41.2,74.5,61.2,1
6.41,3,4,1,14,51.5,70.8,68.9,70.0,1
7.9,1,7,1,12,84.6,53.4,48.9,56.5,1
7.56,0,1,1,9,75.2,65.5,53.5,41.5,0
6.2,1,4,3,10,65.0,45.7,94.6,73.4,0
7.45,0,0,0,7,92.6,52.4,74.2,71.3,0
7.42,0,2,0,8,41.7,65.5,92.2,86.1,1
9.3,0,2,1,9,56.7,71.3,63.8,39.6,0
8.39,0,3,2,8,52.7,76.4,58.0,60.8,0
7.51,0,4,1,7,71.4,42.7,44.8,58.1,0
7.75,1,2,0,9,86.3,37.5,84.5,55.3,1
7.54,2,4,1,8,47.3,45.4,76.2,35.8,1
7.3,2,1,2,8,100.0,44.0,63.9,43.9,0
6.42,0,4,0,1,53.1,83.5,58.1,66.6,0
7.35,0,1,1,9,71.5,80.1,86.9,53.5,0
6.75,0,3,1,9,65.0,45.1,67.3,48.0,0
6.25,3,2,0,8,65.8,85.7,67.5,86.3,1
8.01,2,3,1,7,50.7,79.2,61.0,100.0,1
7.89,1,4,1,10,84.2,35.6,63.9,61.0,1
5.71,0,6,2,13,49.6,44.5,78.3,36.5,1
7.38,2,5,2,10,33.2,35.1,48.8,68.7,1
8.5,1,4,1,6,44.8,58.7,71.2,26.5,0
8.56,0,0,2,12,91.0,60.3,84.3,39.0,1
8.53,0,4,1,6,87.5,60.2,68.7,69.0,1
7.54,2,2,0,8,28.9,29.6,85.8,38.5,0
6.65,0,4,1,14,79.6,38.6,90.1,57.0,1
6.42,0,1,2,14,29.3,63.9,83.6,36.8,0
7.84,0,4,2,8,64.5,69.3,61.9,63.0,1
7.88,2,3,1,14,43.3,29.7,69.5,81.1,1
8.79,1,2,1,11,81.0,40.8,75.2,51.6,1
8.6,0,6,3,8,75.0,75.3,63.0,61.7,1
7.37,0,2,0,9,82.6,41.6,62.5,48.1,1
6.26,5,4,1,11,59.7,59.8,61.6,49.3,1
7.18,0,3,4,16,61.6,40.2,100.0,47.9,1
7.72,0,3,1,5,38.0,72.5,65.9,75.4,1
7.3,0,1,1,14,46.5,29.7,86.0,38.0,1
6.92,0,3,2,9,82.1,55.4,57.0,56.4,1
7.75,1,5,0,4,71.6,74.1,95.5,69.0,1
7.0,2,3,0,4,66.9,69.2,64.3,77.5,0
6.87,1,3,3,9,87.7,53.0,70.8,69.5,0
7.81,0,4,0,8,41.6,49.5,42.5,60.8,1
7.1,0,3,2,13,78.0,56.5,86.7,52.3,1
7.74,0,4,3,12,43.8,40.7,90.0,77.7,1
7.77,0,1,3,14,91.6,58.5,52.2,47.3,1
6.36,3,1,2,9,74.8,58.8,87.6,47.5,1
7.02,2,2,2,10,82.4,53.7,49.9,85.0,1
8.94,1,5,0,10,52.4,75.0,79.5,68.1,1
6.34,1,2,3,11,100.0,43.9,65.7,68.7,1
5.38,1,3,2,8,100.0,34.4,90.0,72.2,1
5.64,0,2,0,7,72.7,52.1,73.7,60.4,1
7.53,0,1,1,9,86.2,61.9,84.0,37.6,1
7.53,1,3,2,5,59.6,58.4,88.6,66.3,0
7.38,1,0,2,13,42.2,57.7,65.6,61.7,1
8.71,3,1,4,7,79.3,43.1,69.6,47.4,1
4.83,0,2,1,4,48.5,45.3,53.3,43.5,1
7.9,1,4,1,4,88.6,52.7,65.5,61.2,1
9.06,3,2,3,9,83.9,51.5,98.9,38.9,1
6.37,1,2,0,12,69.2,76.5,81.3,59.6,0
7.12,1,4,1,12,68.2,64.0,54.3,57.5,0
6.75,1,2,2,10,82.8,52.0,94.5,60.0,1
6.61,0,1,2,12,69.9,76.4,75.8,68.8,1
7.17,1,5,1,8,57.7,66.7,82.5,72.6,1
8.93,0,4,1,10,37.7,39.6,77.4,49.9,0
9.34,1,3,1,10,82.3,11.4,76.3,76.8,1
7.16,1,4,1,10,71.6,40.1,40.0,58.3,1
9.41,0,5,1,6,100.0,68.9,86.6,91.8,0
7.54,0,2,1,8,63.3,73.4,36.2,52.0,0
9.25,2,1,1,11,70.4,35.1,85.2,34.6,1
7.41,3,3,2,13,70.9,69.9,71.5,76.2,1
7.63,2,2,2,7,76.7,69.3,82.5,69.2,1
7.87,1,1,1,3,47.6,80.9,72.4,82.4,1
10.0,0,2,1,10,63.6,74.3,85.7,67.3,1
8.35,1,4,3,12,79.9,80.3,70.2,100.0,1
6.79,0,5,1,15,59.0,67.3,74.2,58.8,1
8.47,0,2,1,7,79.2,66.8,76.1,79.8,1
7.14,0,3,0,5,66.7,54.9,98.2,53.1,1
7.01,2,2,0,15,72.2,72.3,79.0,70.4,1
8.41,0,4,1,9,85.7,40.0,50.2,73.5,0
7.53,1,2,2,14,60.9,57.9,61.5,76.2,0
7.78,2,3,0,7,38.9,68.1,79.0,75.2,1
7.51,3,10,0,9,60.2,81.1,88.9,7.0,0
7.84,1,6,0,6,50.1,52.8,59.2,60.8,1
7.92,1,1,2,10,26.7,74.5,100.0,52.2,1
5.56,0,1,0,9,63.1,57.0,72.6,55.6,1
8.17,2,5,1,8,68.6,74.8,76.3,57.2,1
6.52,0,0,2,5,83.4,48.0,51.2,78.6,0
6.06,0,9,3,8,44.5,70.9,86.7,65.4,0
7.44,1,0,3,12,66.6,58.6,63.3,53.4,1
7.58,3,3,2,6,85.3,42.2,58.8,37.0,1
6.81,0,2,1,6,54.7,57.7,65.2,88.1,0
8.33,0,3,0,9,74.7,79.8,90.7,51.0,1
6.16,1,5,1,6,93.8,44.7,77.0,59.8,1
7.09,0,2,1,7,31.5,37.7,56.7,98.4,0
6.92,0,3,2,8,69.9,66.0,62.0,51.5,1
7.45,0,3,1,5,85.9,34.8,91.1,57.3,1
7.78,1,5,2,12,58.7,83.5,66.5,65.9,1
6.49,3,7,1,8,90.0,83.1,78.4,34.7,1
8.22,2,4,0,11,76.4,75.6,82.1,32.7,1
7.56,1,4,1,13,96.8,59.8,18.7,53.8,1
5.61,0,3,0,9,75.5,85.0,89.0,54.4,1
5.54,0,4,3,9,98.3,80.2,57.2,64.3,0
7.49,1,0,1,9,70.4,52.0,64.6,45.4,0
7.28,2,3,1,11,40.4,81.6,93.1,69.4,1
7.4,1,1,4,4,53.6,46.3,91.7,25.3,1
7.47,1,4,2,9,83.3,57.0,77.4,60.8,1
7.73,0,1,0,8,83.0,33.1,80.9,68.1,1
8.45,2,1,2,8,59.4,62.2,84.7,67.6,1
6.39,2,2,2,12,97.5,55.6,91.5,59.2,1
6.33,0,2,2,7,58.6,53.2,93.4,50.8,0
6.41,0,3,1,7,73.3,57.5,71.6,58.7,0
7.79,0,3,2,12,72.8,51.3,58.9,83.0,1
8.74,0,4,1,11,41.1,60.6,66.2,51.8,0
7.07,1,3,2,7,63.0,79.3,71.9,78.6,1
5.0,1,5,2,14,100.0,44.1,69.2,81.3,1
5.8,2,4,0,8,48.4,72.9,54.8,32.5,1
6.67,1,5,0,9,76.3,63.2,76.6,59.8,0
6.94,1,4,1,16,44.2,65.6,46.5,45.4,0
7.09,0,0,0,11,48.2,59.5,71.3,36.5,0
7.54,2,3,1,5,39.5,49.2,72.2,75.5,0
7.19,2,3,1,14,81.9,66.7,71.7,70.0,1
8.55,1,2,1,3,49.3,67.8,82.8,66.5,0
6.82,1,1,1,10,87.8,48.0,80.8,43.5,0
6.64,0,6,2,9,55.4,39.9,100.0,65.6,1
7.98,3,2,2,10,67.3,61.3,62.2,39.7,0
5.96,3,2,1,6,72.4,71.3,74.2,63.3,0
7.89,3,4,3,10,35.9,75.1,73.2,50.8,1
7.6,0,5,1,6,68.7,78.0,72.5,79.9,1
7.35,0,5,1,6,71.3,65.6,51.0,55.8,1
9.09,2,2,0,13,85.5,56.1,52.2,65.9,1
6.88,2,4,2,7,47.7,60.0,70.1,66.0,0
9.56,0,4,3,7,50.3,41.4,46.4,60.7,1
7.27,2,4,0,9,76.9,49.8,65.0,63.8,1
6.22,4,1,0,8,90.4,59.2,60.3,67.2,1
7.57,1,3,1,13,54.3,56.0,65.5,46.8,1
6.42,1,2,4,4,42.8,61.4,87.0,68.8,0
6.75,1,6,1,6,59.3,39.4,53.8,76.7,1
7.9,1,2,1,7,46.8,42.7,83.0,68.8,0
8.06,0,4,3,9,72.2,71.6,61.4,56.0,1
6.88,0,2,1,8,45.6,47.5,63.3,65.0,1
8.49,2,4,1,14,82.5,49.9,77.0,55.8,0
8.66,2,4,4,7,68.8,61.4,65.9,60.0,1
8.94,1,4,1,10,83.1,46.0,56.6,41.8,1
8.03,0,5,1,6,21.4,76.6,64.4,85.5,0
8.86,1,1,0,5,33.4,41.1,43.4,94.9,1
5.62,4,1,0,11,88.3,60.0,75.7,50.0,1
7.18,1,4,1,1,52.0,48.8,23.5,75.4,1
6.63,0,4,2,8,38.6,62.3,83.3,86.8,1
7.62,1,3,3,11,61.4,52.5,79.2,45.7,1
6.93,0,4,0,14,69.4,59.6,94.0,25.3,1
7.33,0,4,0,9,62.2,78.3,100.0,87.8,1
9.38,1,4,2,3,73.4,49.7,84.0,61.8,1
7.33,0,4,0,7,71.0,49.6,60.6,53.2,0
7.91,0,3,3,5,70.0,55.3,100.0,62.8,1
7.27,1,4,2,3,89.3,82.1,52.1,55.7,1
7.58,1,4,0,7,64.7,58.7,41.5,100.0,1
7.51,1,3,0,12,64.2,78.5,97.8,53.0,1
7.95,2,2,3,15,79.5,57.3,79.0,67.6,1
8.67,0,5,1,5,74.9,77.8,41.9,84.0,1
9.15,0,0,2,10,48.7,66.1,49.7,83.9,0
7.81,4,2,1,6,63.3,68.3,78.3,80.6,1
8.09,2,4,0,4,72.9,38.5,57.0,54.8,1
6.35,0,1,1,13,54.4,36.2,59.1,59.4,0
7.41,0,6,0,12,55.3,76.1,99.5,25.0,1
8.44,3,2,2,5,40.0,75.9,100.0,60.7,1
8.37,0,4,1,13,13.1,96.3,72.2,62.6,1
7.71,2,2,1,8,58.3,37.7,67.7,74.6,1
8.39,1,5,0,9,67.3,67.3,83.5,92.5,1
7.99,1,1,1,10,45.3,44.6,61.6,74.1,1
8.7,4,1,3,8,89.8,48.9,36.5,80.2,1
7.79,2,5,1,6,46.2,52.5,28.6,61.7,0
7.14,3,2,3,10,81.4,65.7,68.9,83.8,1
7.84,0,3,0,9,72.5,50.0,83.2,62.2,0
4.57,1,3,2,8,100.0,60.5,70.2,81.4,0
7.88,0,1,2,2,74.7,72.5,82.1,75.7,1
4.0,2,2,1,8,39.0,76.9,83.6,68.7,1
5.78,3,5,2,5,84.0,70.4,90.8,35.8,1
7.95,2,3,3,4,95.6,66.8,72.8,80.6,0
7.98,0,2,0,7,33.1,57.9,74.1,68.4,1
6.34,2,5,1,7,76.5,51.5,69.4,73.9,1
6.79,2,2,2,9,80.5,68.1,66.1,67.3,0
8.87,0,6,3,6,61.2,44.2,46.4,70.3,0
7.02,5,6,3,6,21.4,61.8,87.6,84.1,1
9.74,0,4,0,6,59.7,43.9,64.2,53.9,1
7.5,2,4,1,5,54.5,59.4,63.4,69.9,1
7.91,1,1,1,3,92.5,44.2,61.9,48.8,0
9.12,1,6,0,6,63.4,54.0,49.9,71.8,0
7.63,1,2,2,12,57.6,49.9,68.7,66.3,1
6.5,0,0,3,12,54.4,48.1,77.7,51.3,1
7.39,2,7,1,11,70.9,58.7,59.4,63.6,1
7.46,0,3,2,6,66.0,23.6,85.6,52.3,0
6.14,1,1,3,14,50.8,33.0,64.5,55.6,0
7.24,2,2,1,16,69.8,72.1,47.0,68.0,1
6.76,1,3,1,7,55.0,62.2,90.6,66.6,0
8.42,0,2,2,4,18.3,49.1,73.0,29.4,0
7.53,3,9,1,9,77.0,74.6,82.9,68.3,1
7.22,0,3,2,14,75.3,50.4,83.3,56.8,1
7.39,1,3,3,11,68.6,51.3,55.8,55.0,0
7.72,1,3,3,14,57.0,48.2,62.2,42.8,1
8.12,3,2,2,10,63.7,88.6,85.5,61.2,1
6.5,1,5,0,10,79.7,63.5,97.5,53.1,1
6.46,3,2,1,10,53.6,62.9,70.9,83.6,1
8.6,2,4,3,7,80.5,67.0,60.6,32.3,1
7.09,1,3,0,6,38.5,32.2,95.2,45.6,0
6.08,3,0,2,6,68.0,51.1,60.6,44.5,0
7.94,1,0,1,8,65.5,66.8,74.9,66.4,1
7.96,1,4,0,5,83.0,59.9,63.6,81.9,1
5.97,0,4,2,10,48.5,93.1,74.0,70.6,1
7.73,1,6,2,9,50.4,52.0,55.8,43.4,1
8.24,1,2,1,13,39.9,74.1,64.4,54.7,1
7.87,0,3,1,5,54.8,72.1,60.6,48.2,1
8.13,1,6,1,7,69.6,62.1,79.9,70.6,1
6.1,2,3,3,7,32.6,64.9,72.4,54.4,0
7.83,3,2,2,6,57.0,55.6,83.2,38.0,1
7.2,2,1,3,13,76.0,30.4,57.6,71.9,1
7.02,1,0,2,9,63.1,65.2,66.9,83.5,0
8.37,1,4,2,7,66.4,66.4,79.4,59.0,1
8.98,0,7,2,7,37.9,68.8,82.9,64.0,0
9.29,4,3,1,12,63.2,60.9,48.3,36.4,1
8.81,0,4,2,8,65.5,74.6,74.8,27.0,1
7.39,0,4,0,5,62.1,47.0,57.8,30.6,1
7.85,1,7,3,10,67.8,82.0,83.6,61.2,1
8.27,1,2,0,4,59.4,45.2,97.9,56.8,1
7.62,0,3,0,9,56.8,58.4,30.8,71.3,0
7.63,0,2,1,10,46.3,70.2,60.2,58.6,1
8.32,0,4,1,10,82.5,52.3,74.0,78.8,1
7.44,0,2,0,9,42.9,71.2,69.9,76.8,0
6.77,1,5,1,11,67.8,54.9,84.1,56.5,0
7.09,2,1,0,10,97.6,61.8,71.2,44.9,0
8.13,1,4,0,7,84.8,57.3,62.1,29.4,1
7.5,0,1,3,9,74.2,51.3,54.7,86.4,0
7.84,0,3,3,13,69.5,93.8,52.2,46.0,1
8.17,2,2,4,8,62.7,47.4,58.9,36.6,0
7.13,2,5,1,10,48.8,25.7,61.5,64.2,1
8.26,3,2,0,10,60.4,47.9,75.8,36.7,1
7.88,0,4,1,13,75.3,62.0,67.6,64.2,1
6.27,0,1,1,3,72.0,54.3,60.2,56.3,0
8.94,2,2,1,8,79.2,75.3,54.9,77.7,1
7.0,1,3,2,6,87.0,74.7,59.5,76.2,1
5.84,1,2,2,6,62.1,55.2,61.5,80.8,1
6.45,2,2,2,6,68.5,34.8,58.8,65.5,0
6.48,0,4,2,4,30.8,40.8,80.1,47.4,0
7.55,1,3,2,5,100.0,59.5,90.5,44.4,1
7.23,0,1,1,18,57.6,36.5,52.4,53.0,1
7.16,1,3,0,7,76.7,54.5,86.8,95.9,1
8.12,1,3,5,7,57.5,81.3,80.4,57.8,1
7.84,1,5,1,18,57.1,65.1,72.7,64.7,1
7.82,0,3,2,4,60.7,60.7,92.9,87.8,1
7.91,0,5,1,14,42.6,44.4,67.4,66.3,1
8.12,0,4,3,9,20.4,62.7,76.0,49.3,1
5.39,0,2,2,10,85.9,56.1,71.9,74.4,1
7.14,0,3,1,17,74.8,63.6,70.7,54.7,1
5.32,0,0,0,14,48.5,70.9,76.9,66.9,1
7.54,2,3,2,10,73.1,73.5,70.7,70.7,1
7.5,0,1,0,6,79.8,61.9,77.0,53.6,1
8.55,3,2,2,10,52.5,67.7,60.0,65.2,1
8.69,1,3,2,6,72.4,52.3,60.4,89.2,1
7.7,0,0,1,9,83.1,77.0,59.9,51.3,1
7.0,1,0,1,7,39.1,46.7,64.5,84.4,1
7.99,1,2,0,11,74.6,56.9,85.2,52.0,1
6.97,0,2,0,7,71.6,78.5,63.1,92.6,1
7.5,1,0,0,8,98.8,52.8,79.8,47.5,1
8.49,1,1,4,6,75.0,39.9,74.0,55.3,1
6.94,1,1,0,9,57.6,53.8,63.4,87.6,1
8.31,0,7,1,11,59.7,80.9,89.6,88.4,1
8.18,1,1,2,13,100.0,25.9,81.0,75.9,1
6.55,1,2,2,6,58.6,61.5,70.0,43.6,1
8.47,0,4,0,8,75.6,50.5,68.8,63.4,1
8.2,0,2,2,13,60.7,57.5,71.4,62.0,0
7.6,1,3,1,6,84.5,54.8,47.1,47.5,0
6.74,1,6,1,8,85.4,74.4,57.6,73.8,1
6.64,0,3,0,13,64.6,60.8,76.9,48.8,1
6.96,1,1,2,10,57.7,75.2,46.3,40.1,0
8.04,2,2,0,6,57.2,79.3,58.8,34.4,1
6.54,0,1,0,7,33.9,60.4,64.1,91.1,0
7.94,0,5,2,6,66.8,54.6,100.0,53.3,1
6.26,0,1,1,7,66.4,65.7,80.1,53.7,1
7.3,2,5,1,8,50.3,68.6,86.5,44.5,1
7.61,2,4,3,4,32.0,42.7,57.9,85.3,0
9.95,0,3,3,10,68.7,63.5,75.4,38.5,1
6.12,0,6,1,12,71.0,56.2,43.6,41.5,0
8.97,1,5,0,6,72.1,53.7,65.0,56.5,1
7.65,5,2,0,7,47.2,49.6,77.6,61.6,0
7.91,4,1,1,10,72.1,50.6,48.7,73.2,0
7.62,1,2,1,7,61.8,78.8,75.9,50.5,1
7.94,2,10,0,6,80.6,54.5,77.1,88.3,1
7.35,2,7,1,10,47.5,77.2,61.0,50.6,1
8.95,4,3,2,13,85.7,62.0,57.5,44.9,1
7.04,1,2,2,9,92.2,43.0,59.3,43.2,1
8.63,1,1,0,12,67.1,62.9,64.8,48.8,0
6.86,2,4,1,10,72.3,42.2,65.2,42.1,1
7.44,0,1,2,6,79.1,69.1,77.6,74.8,1
6.43,0,7,1,7,46.5,56.9,62.0,45.0,0
7.96,2,1,0,4,56.2,72.8,94.0,59.7,0
8.95,1,5,1,5,68.3,81.5,93.9,44.5,0
7.42,1,1,0,5,100.0,34.0,73.5,42.0,1
7.3,0,3,0,10,43.5,53.1,64.8,80.8,0
6.39,0,1,0,5,94.5,41.9,62.0,89.2,0
7.27,1,5,1,9,61.5,92.4,74.8,83.6,0
5.91,2,1,1,9,64.4,53.4,77.4,37.0,0
6.59,0,3,1,12,86.9,40.3,67.0,39.3,0
7.73,0,4,3,10,100.0,93.6,64.1,95.6,1
8.82,1,2,2,4,72.6,49.1,75.3,57.7,1
10.0,1,2,1,12,86.0,35.7,71.0,38.6,1
6.91,0,4,1,7,48.4,42.6,61.4,80.4,0
8.94,0,1,2,11,55.5,62.1,71.7,63.1,0
7.74,0,2,3,7,40.7,60.7,60.9,71.7,0
7.35,2,3,2,6,55.7,47.5,58.7,24.0,0
7.93,4,4,3,7,75.2,52.7,69.9,56.5,1
7.56,2,2,3,7,68.8,60.8,61.4,78.1,1
7.61,1,3,1,8,96.1,79.9,59.0,51.1,1
7.09,2,4,2,8,100.0,65.0,85.7,83.0,1
6.1,2,1,2,8,62.5,51.6,64.1,39.6,0
5.96,3,5,3,6,52.8,56.6,97.7,60.1,1
8.15,1,3,0,11,85.9,71.5,79.4,90.0,0
7.22,0,4,1,10,87.8,85.2,57.7,42.4,1
6.9,0,3,0,10,72.9,43.4,87.4,66.6,1
7.51,0,2,0,15,77.7,76.7,59.3,71.9,1
8.29,0,1,2,8,74.9,55.3,99.6,63.6,0
7.68,2,3,3,7,47.2,35.6,73.4,57.7,1
6.84,1,4,1,10,43.1,32.7,78.1,47.1,0
8.73,0,2,1,6,64.1,80.0,70.5,65.3,1
9.08,0,3,1,8,61.4,81.8,74.0,60.3,1
7.99,0,2,1,7,70.0,51.5,66.6,37.6,0
8.47,0,5,2,10,62.6,56.8,56.1,80.7,1
8.74,0,1,2,5,34.3,33.3,75.1,46.5,0
8.63,0,1,1,10,27.0,71.4,85.4,38.0,1
8.11,0,0,0,10,78.3,59.6,52.1,51.9,1
8.1,3,7,2,10,53.1,36.7,93.1,46.8,1
8.02,1,3,2,8,60.8,63.1,79.0,57.6,0
6.4,1,3,2,11,55.0,39.2,63.4,40.9,0
8.2,1,6,4,13,48.6,68.4,63.2,69.6,1
6.14,1,3,1,12,48.1,43.8,98.0,85.5,1
6.71,3,0,0,6,83.4,65.1,84.1,63.8,1
8.8,1,2,3,9,60.7,50.2,87.1,37.4,1
8.34,2,1,5,9,76.4,24.5,66.2,46.5,0
8.99,0,6,1,12,78.8,74.9,78.3,65.8,1
7.23,2,6,0,8,70.7,75.8,75.2,28.6,1
6.35,1,4,1,10,79.4,52.2,67.4,41.0,1
7.26,1,1,1,11,65.3,64.1,71.6,34.0,0
7.6,1,4,5,5,89.5,66.6,86.7,64.0,1
7.58,0,3,0,8,79.8,67.1,94.0,98.8,1
8.63,1,1,1,14,82.2,85.9,66.2,40.6,1
7.14,2,3,0,20,48.1,66.3,50.3,75.9,1
7.85,2,3,1,8,69.7,54.6,94.7,52.4,1
6.51,2,2,1,9,32.0,66.4,94.8,39.6,1
7.95,0,5,1,8,90.2,53.6,76.0,88.6,1
7.5,1,5,1,5,53.8,44.0,96.9,98.7,1
6.75,1,4,2,6,56.3,78.3,74.9,69.0,1
7.26,1,2,0,3,40.4,68.0,56.4,68.2,0
7.32,2,4,0,10,64.3,32.1,50.3,63.1,0
7.23,0,0,5,5,60.2,49.7,50.2,59.5,1
9.27,1,3,0,3,97.8,71.4,70.1,67.8,1
7.4,1,1,1,8,80.5,36.5,63.0,73.5,1
7.26,1,1,1,10,55.7,48.7,61.3,90.3,1
5.4,1,5,1,13,35.0,99.9,68.4,53.1,0
6.61,1,1,1,5,23.9,55.0,82.9,64.2,0
7.24,1,5,2,6,46.5,76.2,61.8,60.5,0
6.81,0,5,0,10,41.0,82.5,59.3,79.4,1
8.88,0,5,0,6,71.3,46.4,62.8,100.0,1
7.34,2,3,0,8,62.4,64.0,83.8,80.0,0
8.79,1,7,0,6,65.3,90.9,68.9,75.6,1
7.56,1,3,0,8,47.9,66.9,74.2,77.4,1
7.54,2,2,5,10,67.7,95.5,93.3,83.5,1
7.41,1,2,4,8,39.4,50.4,100.0,100.0,1
7.5,3,4,0,15,63.4,87.0,79.6,33.3,1
9.22,0,4,0,8,79.9,60.3,78.1,72.2,1
5.18,2,3,1,7,58.4,55.1,52.2,18.1,0
5.5,2,1,0,10,73.0,69.6,75.5,78.2,0
6.96,1,5,0,12,29.4,58.3,70.9,71.4,1
7.51,0,1,2,7,28.0,58.7,83.4,52.7,0
8.19,0,4,1,13,70.9,67.3,64.1,16.6,0
7.97,2,3,1,9,83.8,32.9,73.0,61.8,1
7.12,1,1,1,15,60.7,48.0,79.1,65.8,1
8.52,3,2,1,5,100.0,70.8,98.5,60.9,1
8.53,1,4,3,8,39.0,74.9,93.5,51.4,1
7.68,2,1,3,9,52.8,65.4,89.0,46.8,1
8.46,0,1,1,8,67.5,64.1,80.9,61.1,1
7.77,1,8,0,6,73.4,66.0,63.5,48.4,1
6.94,1,2,2,8,54.5,74.4,80.9,75.8,0
8.2,0,2,5,7,45.9,38.6,58.4,60.7,0
7.61,1,2,0,10,76.2,52.4,66.9,32.7,0
7.5,1,3,0,11,67.4,58.9,96.7,65.0,1
8.97,1,0,1,11,58.8,62.9,78.1,69.0,1
5.05,1,4,2,16,74.0,28.4,73.4,89.5,1
6.08,2,2,1,7,62.5,41.1,75.3,77.8,1
6.31,1,1,2,8,62.5,59.8,68.6,46.7,0
7.14,1,6,1,15,61.8,75.2,37.7,86.2,1
7.25,1,2,1,11,50.2,53.7,51.0,38.4,0
5.99,1,5,0,7,48.4,50.0,79.3,62.5,0
6.51,0,4,1,13,55.5,67.9,56.2,74.8,1
6.64,0,5,1,10,65.6,55.1,68.4,86.8,1
9.96,0,0,1,12,31.3,73.2,51.6,94.1,1
9.3,1,3,2,10,82.0,56.7,59.2,83.7,1
7.09,1,3,1,8,65.3,43.3,69.9,59.7,1
7.14,0,4,3,6,45.8,81.3,83.9,71.9,1
6.35,1,5,2,9,94.1,78.6,86.9,65.8,1
5.59,3,4,0,9,65.8,45.7,59.0,49.9,0
7.38,0,3,3,10,41.0,65.9,74.6,60.0,0
6.5,3,4,3,12,93.3,55.1,48.6,92.6,1
7.42,1,1,1,15,89.4,69.3,70.8,73.0,1
5.9,0,5,0,8,48.6,46.9,84.3,97.0,1
6.74,1,2,1,9,59.2,73.1,69.0,43.6,1
7.65,1,2,2,13,56.8,77.9,89.7,55.5,0
7.87,1,3,2,3,31.0,45.8,82.6,69.1,0
7.92,1,2,1,5,70.8,61.0,73.6,74.6,1
6.18,1,3,2,7,80.2,78.2,66.3,60.0,0
8.35,1,3,1,9,76.8,45.0,62.0,75.6,1
6.7,0,5,1,6,65.6,50.0,48.1,75.5,0
8.13,0,3,3,9,82.0,69.9,50.6,38.4,1
7.49,0,4,2,10,44.6,57.6,84.9,74.8,1
6.12,0,2,1,8,97.7,36.4,92.7,80.2,1
7.18,1,4,0,10,51.1,55.2,53.8,67.0,1
7.87,0,1,1,4,53.1,86.2,71.0,30.7,1
8.11,1,1,1,10,54.6,90.9,46.4,57.3,1
7.36,0,5,1,11,53.3,50.4,55.3,69.4,1
9.03,1,2,0,6,61.5,46.3,73.9,47.3,1
8.51,0,0,2,8,60.8,53.1,62.2,77.6,0
7.24,4,4,3,4,67.3,87.0,41.3,74.4,0
8.25,0,2,0,10,50.3,72.6,95.8,64.3,1
9.43,0,5,1,4,68.0,82.0,69.3,62.3,1
9.46,0,3,2,18,45.4,75.0,53.4,65.3,1
6.27,0,3,0,8,78.2,40.2,71.9,61.9,0
6.57,0,7,2,12,78.0,45.8,68.8,40.1,0
8.98,1,5,3,11,64.9,49.6,76.3,54.7,1
6.44,0,2,1,11,53.3,52.2,64.9,63.2,1
6.18,1,4,1,4,70.6,49.8,74.7,86.1,1
7.01,1,3,2,12,49.0,51.6,84.2,73.8,0
7.92,1,4,1,6,65.6,69.6,50.2,87.0,0
7.4,1,7,0,9,62.3,62.0,59.6,38.1,0
6.85,0,4,1,14,100.0,78.3,82.6,55.9,1
6.83,1,4,1,6,42.9,63.8,61.7,97.3,1
6.79,0,7,2,7,17.0,49.9,68.8,49.4,1
6.62,1,0,2,8,53.5,62.8,62.9,49.0,0
9.78,1,4,2,5,34.1,37.3,63.9,57.4,1
7.8,0,4,2,5,51.9,25.3,62.6,96.3,1
8.39,1,4,2,9,41.6,69.6,51.1,50.6,1
7.01,1,3,1,15,48.7,75.3,76.9,71.5,0
7.31,0,4,1,9,45.8,61.1,85.9,68.7,0
6.79,0,3,3,7,82.3,54.1,67.4,29.2,1
4.85,4,5,0,10,64.1,39.9,84.2,61.7,1
6.12,2,1,3,5,84.4,77.5,62.6,52.6,0
5.69,1,3,2,20,65.7,67.4,61.7,73.5,1
5.25,1,1,0,18,81.7,64.4,76.2,91.6,1
6.3,1,2,1,8,59.6,59.9,76.4,56.1,1
8.82,1,4,1,12,93.7,53.0,68.3,56.1,1
7.46,2,0,3,7,73.5,43.3,80.1,100.0,0
8.79,0,1,1,9,51.0,63.8,50.7,49.9,1
7.91,2,6,1,13,76.1,51.9,65.4,39.2,0
8.28,0,5,2,14,65.5,53.6,84.5,85.4,1
6.6,0,6,4,5,61.4,85.8,84.4,61.1,1
8.02,1,1,0,13,66.7,59.3,82.5,66.8,1
8.23,3,2,2,13,78.5,23.2,85.3,99.9,1
6.92,2,4,2,11,26.9,52.0,64.4,38.1,1
8.06,2,3,2,8,58.7,45.0,44.4,58.7,1
8.07,2,1,0,11,77.3,57.9,66.1,41.0,1
6.95,1,3,4,12,69.5,38.6,79.5,67.7,1
6.38,1,4,3,7,44.7,66.5,82.0,52.6,0
6.32,2,2,1,10,22.4,55.6,62.1,42.1,0
7.59,1,1,3,5,95.6,52.9,55.5,74.4,1
7.83,1,2,3,14,61.6,62.2,57.0,62.2,0
6.71,0,5,2,6,92.3,58.9,61.8,40.7,1
7.53,1,4,2,11,79.3,58.0,41.5,41.8,1
8.07,1,3,2,5,50.7,56.6,62.1,65.5,0
8.12,1,4,1,13,20.0,59.7,70.7,33.6,0
9.05,0,3,1,10,56.7,65.1,68.5,65.9,1
8.78,1,2,0,12,64.3,63.3,65.0,84.8,1
6.5,2,0,1,11,73.1,76.9,59.7,73.3,1
9.18,1,5,2,12,45.0,51.8,61.4,51.4,1
6.97,0,1,3,9,68.2,63.6,61.7,66.7,1
8.54,0,4,1,15,68.2,96.7,80.6,40.7,1
7.57,2,3,0,9,82.7,59.4,70.0,64.3,1
7.09,0,1,1,12,59.5,60.0,100.0,56.4,0
5.69,0,3,3,1,73.0,41.0,65.0,44.3,0
7.33,2,2,1,9,70.2,49.3,76.6,72.6,1
5.94,1,4,2,11,80.8,58.4,65.3,28.4,1
8.47,2,3,2,10,50.2,68.0,65.0,41.8,1
9.02,1,3,2,8,9.7,69.7,93.4,43.9,0
6.7,3,2,1,7,60.7,64.9,85.0,53.4,1
7.8,0,3,0,5,60.8,72.1,43.7,84.1,0
6.77,2,2,1,6,44.2,45.0,54.7,74.8,1
6.87,1,7,0,7,37.9,67.3,68.0,63.8,1
8.27,2,1,0,7,54.7,60.2,62.2,63.0,0
7.46,3,1,2,10,62.9,61.9,47.4,61.8,1
9.24,2,1,1,5,66.7,54.6,71.7,85.3,1
7.02,1,5,2,10,23.9,45.7,41.8,31.1,0
8.5,3,4,2,6,33.4,41.8,71.9,75.1,1
7.6,1,4,0,15,85.3,64.8,80.9,53.4,1
8.3,1,0,1,7,61.6,67.5,83.1,70.6,1
7.05,2,5,0,10,65.0,58.1,67.8,70.6,0
7.45,1,3,3,10,41.0,59.8,92.7,74.5,1
7.38,1,2,3,10,64.9,49.2,75.0,88.9,1
6.66,1,4,2,10,58.2,67.5,82.7,38.7,1
8.16,0,3,5,6,53.9,60.9,59.0,79.1,0
8.15,0,4,0,9,38.7,54.5,92.8,60.9,0
8.09,1,2,3,11,49.4,73.0,70.0,54.2,1
9.04,1,8,1,13,100.0,69.7,93.7,96.6,1
8.95,1,2,0,2,58.7,37.0,90.4,73.9,0
7.13,1,3,0,10,79.2,60.7,73.9,54.9,1
7.87,0,2,0,8,61.5,45.6,76.1,78.3,1
6.88,1,0,2,11,59.4,62.1,67.3,61.2,0
7.52,1,3,1,6,53.6,12.7,57.7,54.6,0
6.9,1,3,1,17,89.2,63.0,78.9,51.7,0
9.12,2,3,0,13,71.7,70.7,78.2,67.2,1
7.86,0,1,1,13,50.8,58.3,45.7,51.6,0
7.28,0,1,0,6,57.9,42.5,68.8,64.6,0
8.69,1,3,0,16,84.4,89.3,83.0,77.1,1
5.33,2,8,1,7,13.9,77.3,92.0,63.9,0
5.49,1,2,1,11,70.6,52.0,80.9,95.6,1
8.3,2,1,0,8,74.7,56.1,47.2,62.2,0
7.56,4,6,2,14,51.5,30.3,54.2,84.9,1
7.75,2,3,1,12,67.8,67.1,64.8,78.6,0
6.17,1,3,1,6,74.0,39.5,91.0,87.9,1
7.48,0,1,2,15,42.8,70.0,60.9,95.5,1
9.5,0,3,0,5,80.2,75.4,85.9,32.1,1
8.32,1,7,3,8,70.4,58.9,60.7,66.5,1
7.67,3,3,0,5,62.2,44.0,78.0,60.1,1
7.06,1,0,1,12,66.9,78.7,55.9,63.9,0
7.11,1,4,1,11,77.7,60.0,67.1,55.2,0
5.37,0,2,1,11,100.0,61.4,53.0,52.8,1
7.76,0,4,4,7,76.0,46.0,91.6,43.3,1
8.35,1,2,1,4,79.6,62.9,59.6,63.7,1
5.92,3,5,3,8,68.5,57.0,46.8,77.9,0
6.84,0,3,4,8,99.2,40.1,45.6,53.6,0
6.34,1,3,3,14,38.6,80.1,68.7,56.4,1
6.53,1,3,3,5,33.7,86.4,63.1,50.1,1
7.55,1,2,2,7,67.8,75.3,79.7,45.1,0
5.42,1,1,2,8,76.9,73.0,66.5,58.0,1
8.11,1,0,1,8,18.7,86.5,87.5,67.8,1
8.25,2,2,3,8,64.9,44.3,64.2,83.4,1
7.25,0,1,0,4,61.8,44.1,85.4,41.7,1
5.02,1,1,1,10,78.4,53.8,55.7,61.5,1
6.5,0,5,1,16,72.7,64.5,47.5,82.0,0
8.73,2,1,1,14,32.5,55.6,57.6,42.0,0
4.72,1,4,2,13,45.6,44.7,53.1,83.5,0
7.15,1,2,1,10,50.5,60.1,51.4,54.5,1
6.32,2,0,3,14,78.3,58.6,76.2,74.1,0
8.3,0,6,2,9,71.7,72.6,66.0,58.3,1
6.82,2,0,1,7,53.8,60.7,72.1,69.8,0
7.9,3,5,3,9,67.6,31.4,77.9,89.4,1
8.07,2,3,0,10,46.0,65.8,44.7,59.9,0
9.34,1,4,3,10,100.0,83.7,78.5,78.9,1
7.3,0,1,0,10,75.3,60.4,51.9,66.7,1
7.88,1,4,3,12,79.2,74.8,61.3,48.6,1
6.01,0,1,1,4,89.8,52.4,41.6,59.5,0
8.69,0,3,1,7,83.3,68.5,79.8,58.5,1
6.74,2,1,1,8,65.6,48.8,44.7,38.0,0
6.94,0,4,1,12,61.7,56.3,52.0,69.8,0
7.48,2,1,1,14,88.2,56.4,53.1,73.2,0
5.94,2,2,2,11,65.5,67.2,68.1,75.8,1
7.73,2,0,0,6,51.5,47.6,67.6,86.3,1
8.47,2,3,1,8,100.0,38.0,82.2,78.2,1
7.79,3,3,1,5,48.2,67.1,68.4,51.7,1
5.91,1,3,3,9,33.8,66.5,84.5,55.4,0
7.38,0,2,3,7,82.9,61.7,75.7,76.3,1
8.24,2,3,3,13,51.8,74.0,55.8,68.6,1
5.62,1,2,1,9,72.8,57.0,60.0,61.7,0
6.43,1,3,2,12,97.7,64.2,92.7,47.1,1
8.38,0,7,1,4,40.3,54.8,88.4,53.0,1
7.77,1,3,1,6,64.3,56.1,82.4,71.9,1
7.91,1,5,3,8,91.7,65.1,84.3,28.8,1
9.36,2,3,2,10,77.3,94.0,77.0,22.2,1
7.97,0,3,1,18,61.8,71.1,75.0,73.8,1
8.16,0,4,3,14,100.0,68.2,70.7,52.9,1
10.0,2,3,0,8,63.3,71.6,95.5,70.0,1
7.29,1,2,1,11,72.1,24.8,63.0,88.8,1
6.7,2,4,1,14,94.7,64.8,73.6,44.8,1
7.93,2,3,2,11,82.7,73.7,44.4,33.6,1
7.94,0,4,1,9,88.8,61.3,48.5,57.3,1
6.97,0,0,2,15,48.8,59.4,97.2,50.4,1
6.47,1,4,2,7,87.1,45.9,79.3,61.6,1
9.81,2,6,2,12,68.1,53.5,66.8,71.1,1
7.83,1,3,0,4,51.6,47.5,71.2,67.6,0
6.77,1,2,0,8,69.0,75.0,49.6,62.8,1
8.42,4,0,2,10,68.4,82.5,63.6,80.0,1
7.39,2,2,2,9,98.6,89.0,48.1,73.4,1
7.25,0,2,3,12,71.9,47.3,65.6,58.9,0
8.06,0,3,0,3,50.9,50.0,80.2,72.8,1
6.21,1,3,1,9,46.8,48.8,76.8,35.7,0
7.85,3,1,2,15,64.1,44.7,93.8,80.1,1
9.41,1,7,1,13,40.8,45.0,74.4,62.4,1
7.97,2,2,4,10,52.1,52.3,32.8,41.6,1
7.12,0,2,0,9,60.6,73.1,99.3,54.9,1
6.99,0,2,4,7,57.4,49.2,57.4,79.6,1
7.09,2,4,2,10,78.1,75.8,72.4,48.9,1
7.25,0,1,1,10,51.7,80.5,71.5,69.0,0
7.12,1,3,2,9,20.5,64.3,73.6,76.9,0
8.42,4,2,1,8,34.7,78.4,70.7,62.4,1
5.77,1,2,2,7,64.7,39.6,71.0,47.3,0
8.36,0,4,1,7,54.4,51.6,50.2,60.9,1
7.12,1,3,1,11,42.7,62.8,100.0,38.0,0
7.88,3,2,1,6,100.0,63.3,79.8,53.7,1
6.37,2,5,2,4,79.9,81.4,70.8,43.2,1
8.83,3,6,1,6,63.9,45.0,97.6,61.2,1
8.75,0,4,3,16,69.2,51.9,53.9,40.4,1
8.46,1,4,3,10,60.2,58.7,83.0,63.4,1
5.99,0,0,2,13,42.4,52.2,61.7,81.3,1
8.33,1,3,3,4,83.6,44.4,76.0,82.3,1
7.9,0,0,3,8,80.3,52.9,76.4,40.8,0
5.89,1,6,3,10,29.4,56.3,35.0,50.7,0
7.48,1,4,1,8,69.1,81.7,48.5,76.5,1
7.86,1,3,0,7,71.1,44.7,93.8,74.0,0
8.06,1,4,2,12,59.2,72.2,66.2,51.5,1
7.68,1,4,6,10,100.0,79.1,100.0,53.7,1
7.79,0,5,1,11,100.0,52.3,89.7,63.4,0
8.97,3,2,2,9,58.2,63.9,66.7,30.8,1
8.73,0,4,1,6,61.0,68.6,65.4,70.9,0
4.63,2,2,4,7,58.9,66.2,94.7,80.4,1
7.18,2,6,1,9,54.0,61.2,100.0,55.4,0
7.34,1,4,2,9,48.4,49.8,65.7,37.9,1
5.75,0,2,0,6,74.1,69.9,93.1,86.0,1
7.59,1,4,1,8,100.0,54.4,85.5,65.7,1
8.75,3,1,1,8,92.9,60.4,88.0,74.1,1
6.41,0,1,4,8,79.2,62.6,71.5,39.5,1
7.84,1,1,3,7,21.7,72.8,59.9,39.6,0
6.58,2,0,0,12,31.4,88.9,54.2,69.0,0
6.83,0,2,2,8,84.2,48.9,50.4,79.5,1
8.98,1,2,1,10,94.1,60.8,98.7,42.8,1
6.96,1,4,1,11,75.0,37.7,70.2,60.3,0
7.96,0,1,1,13,59.5,82.2,52.8,35.0,1
5.63,2,0,1,8,89.3,60.7,85.0,50.1,1
9.36,0,2,1,9,78.6,55.5,62.8,57.6,0
8.1,1,2,3,6,85.5,60.8,60.2,70.3,1
7.32,0,1,0,13,31.6,61.5,100.0,26.2,0
8.08,1,3,6,8,71.2,49.0,50.0,84.4,1
6.09,1,2,4,8,96.9,77.8,73.5,59.1,0
8.68,0,4,1,7,74.5,69.7,61.1,84.0,0
7.18,0,3,2,5,82.1,71.8,58.7,73.9,1
7.3,0,5,2,8,65.7,49.8,48.0,76.5,1
7.01,0,3,1,15,66.9,49.0,70.9,96.3,1
6.92,0,2,3,8,90.2,58.3,56.9,48.7,1
8.19,2,4,1,8,52.9,72.0,78.9,64.3,1
7.76,1,0,2,6,51.2,67.5,69.3,45.2,0
8.15,1,0,3,13,56.4,48.3,65.3,60.3,1
7.49,0,2,5,11,65.4,70.0,57.0,74.2,0
8.01,0,3,3,13,36.0,45.4,91.5,81.2,1
7.08,0,2,3,11,78.2,50.1,81.0,55.5,1
9.73,0,3,1,9,62.0,62.4,59.8,41.5,0
5.93,2,6,1,11,80.4,42.4,49.6,63.2,1
8.76,1,2,0,9,26.9,45.5,41.7,47.5,1
8.87,1,1,0,7,80.4,83.3,87.1,52.2,1
6.65,0,1,0,6,89.1,80.5,83.6,73.4,0
9.73,4,4,0,10,72.9,94.3,85.7,70.3,1
8.5,1,1,2,10,65.5,66.8,68.2,76.2,0
8.47,1,7,4,9,80.6,69.7,82.1,56.3,1
7.53,2,1,3,9,87.9,57.7,85.4,79.2,1
7.28,0,3,1,9,74.4,54.7,69.0,62.2,1
7.29,1,3,1,9,75.8,73.1,64.6,57.2,0
7.89,0,2,2,10,94.8,80.4,55.4,43.3,1
8.9,0,0,0,8,78.7,71.8,76.4,26.5,1
7.68,2,2,1,11,50.6,47.4,78.4,35.4,0
6.59,1,1,2,11,87.8,65.9,63.9,65.7,1
8.32,1,1,0,9,62.8,48.4,65.7,46.6,0
8.42,1,6,1,13,65.6,55.1,66.7,34.0,1
8.15,1,6,3,8,66.9,84.5,81.9,54.9,1
8.25,3,2,0,9,82.4,42.0,49.4,66.8,1
7.23,1,3,2,9,96.5,92.5,53.4,69.1,1
6.57,1,4,2,7,65.4,68.2,53.7,61.5,0
6.63,1,2,1,9,96.2,53.0,67.8,61.0,1
5.86,0,0,3,9,68.0,61.0,74.7,52.8,1
7.74,1,5,0,5,90.2,49.7,54.0,72.8,1
7.42,2,4,3,14,68.6,51.8,83.6,59.0,1
7.06,0,4,1,11,56.1,61.1,91.9,60.7,1
4.54,1,5,1,5,99.6,55.1,76.2,79.6,1
6.25,2,6,1,9,54.4,46.0,86.8,75.5,1
8.62,0,2,1,9,53.2,56.7,56.3,58.9,0
6.84,1,6,1,10,42.4,40.3,56.6,56.4,1
7.86,1,4,1,6,87.8,40.9,77.7,56.3,1
6.11,1,2,2,7,92.1,40.8,69.4,27.6,1
8.94,0,1,2,6,71.7,85.1,56.6,80.6,1
7.36,1,5,5,7,47.3,66.1,91.4,50.4,1
7.79,1,4,2,14,64.9,68.9,74.5,76.5,1
9.83,1,3,2,5,59.6,60.2,80.5,62.7,1
9.02,0,5,4,7,46.5,67.6,59.9,85.7,0
7.19,0,4,3,7,56.2,77.6,95.2,71.0,1
6.91,1,5,2,9,74.1,66.1,67.7,77.5,1
7.17,1,4,3,7,54.1,84.6,85.3,51.9,1
8.01,0,3,3,6,70.3,59.4,61.3,40.1,0
7.39,1,2,2,9,33.0,69.0,72.5,64.5,0
7.1,3,1,1,13,95.2,70.6,78.4,29.4,1
8.97,1,4,4,7,58.0,46.0,99.9,54.0,1
7.39,2,0,2,8,80.7,60.6,63.4,41.8,0
9.8,1,2,2,14,68.4,32.4,73.0,47.7,1
7.59,1,5,1,6,72.2,58.1,78.9,72.1,1
9.29,2,4,3,12,44.6,55.8,48.8,71.0,1
7.86,1,2,1,8,51.3,54.9,37.4,59.2,0
8.46,0,4,1,6,51.7,53.9,55.1,67.4,1
6.78,2,3,2,6,65.5,67.7,84.5,52.8,1
6.65,0,4,5,4,88.9,46.7,95.7,100.0,1
7.96,1,0,2,6,72.8,87.9,56.2,67.1,1
8.49,1,2,5,7,48.8,68.5,51.7,52.0,0
7.54,0,2,2,10,66.6,48.0,93.0,76.9,1
6.21,1,0,0,5,63.5,69.7,61.5,83.1,1
6.14,1,2,2,7,58.7,74.9,64.4,48.8,1
6.07,3,3,1,5,64.7,65.5,91.9,37.9,0
5.73,2,2,2,15,78.7,44.9,89.4,41.3,0
7.61,0,1,1,10,52.0,93.6,84.0,50.6,1
8.63,1,3,1,9,58.8,69.6,44.3,61.1,1
7.49,2,5,4,16,82.7,41.3,51.1,34.3,1
5.24,1,4,2,11,73.4,63.1,86.8,54.9,0
7.31,0,2,1,10,88.0,56.7,74.8,58.5,1
7.34,1,4,1,13,90.8,60.1,58.3,67.5,1
9.6,1,3,0,8,40.5,42.1,64.8,72.4,1
6.04,0,4,3,9,70.2,60.8,86.7,68.8,1
7.11,1,4,0,8,55.9,47.5,92.9,92.5,1
9.21,1,2,0,6,43.4,54.8,69.9,80.6,1
7.95,4,4,0,8,50.8,65.8,59.7,65.8,1
8.06,3,2,1,11,59.6,52.9,65.9,45.5,0
7.61,1,2,1,9,59.7,55.6,90.1,50.5,0
7.83,2,4,2,12,54.1,72.3,89.9,37.7,1
8.28,0,2,2,14,64.8,46.7,72.9,64.6,1
6.69,2,3,1,7,100.0,50.3,62.1,67.6,0
8.38,0,6,2,9,33.9,41.2,86.2,77.2,1
6.13,1,1,1,8,85.5,47.7,94.3,66.5,1
7.83,4,4,3,8,64.7,61.9,48.2,79.9,1
7.68,1,0,0,5,57.1,69.6,66.5,80.3,0
6.88,0,4,4,13,28.7,47.9,87.3,44.5,0
7.48,2,2,5,9,78.7,69.1,71.1,53.2,1
6.88,1,5,2,9,39.1,61.6,62.7,61.8,1
6.43,0,5,2,11,79.9,39.3,72.8,50.0,0
7.15,0,2,0,7,96.3,62.6,75.6,57.9,1
6.4,0,2,3,6,41.9,77.9,53.1,67.1,0
7.82,1,6,1,9,86.0,31.6,71.4,59.9,1
6.35,1,2,1,14,65.5,90.1,75.5,62.0,0
8.21,3,6,2,8,27.3,50.8,62.6,46.0,1
6.32,2,1,3,9,43.3,35.3,58.3,70.6,0
